track_id,name,popularity,duration_ms,artist_id,artist_name,num_artists,playlist_id,playlist_name
4nd9cEo5R4jGNcgPHDm7Ar,Marikit,62,263348,"['6kyw9sh7ryjy1GQdPYH3Yd', '1EMaB1ZnRpeXWruJZMtaUa']","['Juan Caoile', 'Kyleswish']",2,6qe09VXZoKHHSU54OLpWWP,TikTok OPM Trending
4YMfE4r1JWADFw2Fn74XW2,Catriona,59,204512,1SrWbIDP84JcSDr0oTBAQw,Matthaios,1,6qe09VXZoKHHSU54OLpWWP,TikTok OPM Trending
13pv5UWJttg8NNplCaaOYh,Binibini,57,137717,"['1SrWbIDP84JcSDr0oTBAQw', '3WyQJx169swY8v3htgAqaK']","['Matthaios', 'Calvin De Leon']",2,6qe09VXZoKHHSU54OLpWWP,TikTok OPM Trending
6r7sdXUiKjgEx3I8GQRpSq,Chinita Girl,57,238859,"['7Dhd8nNMvFdye1R3Y8wE6C', '4CXLeb01RHMHdXyUQT84M8']","['Lil Vinceyy', 'Guel']",2,6qe09VXZoKHHSU54OLpWWP,TikTok OPM Trending
4G7uzhxgKFBCJApBpuuBgU,Kabet,2,318040,"['3ID2V4b0oGSEbwPENAsdbG', '1wdkbIM3oqP1nNLYEoPzG6']","['Gagong Rapper', 'Mz. Kyla']",2,6qe09VXZoKHHSU54OLpWWP,TikTok OPM Trending
54b8IPvheXDpro2VR2rWAS,Ivana,56,246550,2EGJbNf0Hva2C2N6hvhMXD,Soulstice,1,6qe09VXZoKHHSU54OLpWWP,TikTok OPM Trending
6s98WLEW9A7j9vMXCXeRx7,Biglang Liko,24,253000,"['6eGQ0qPUlGBjmRgyQ84g3f', '7CUr4IIEAbSm9HTIDm8R1K']","['Ron Henley', 'Pow Chavez']",2,6qe09VXZoKHHSU54OLpWWP,TikTok OPM Trending
0BkKdJSpKqzYLEneerSHq3,Mau,52,267013,6ogIjp0fsbUxlqy9q2rvrT,Shanti Dope,1,6qe09VXZoKHHSU54OLpWWP,TikTok OPM Trending
1DtErFZ8cHNGUYg7IBjnqG,Dyosa,44,217973,3Lm6KZ2WWaRdUNneczEhp5,Yumi Lacsamana,1,6qe09VXZoKHHSU54OLpWWP,TikTok OPM Trending
0f4UsNWSkzFp0Q1UfmghXs,Bawal Lumabas - The Classroom Song,31,178812,5rmy4yOHBOptMctO6t5Drl,Kim Chiu,1,6qe09VXZoKHHSU54OLpWWP,TikTok OPM Trending
2tR5liucorXRwduxr0qEx6,Binalewala - Original Version,58,268486,6ZdzYE3CEgY0Umgi3Dsgv8,Michael Dutchi Libranda,1,6qe09VXZoKHHSU54OLpWWP,TikTok OPM Trending
6LJ1p1h5EcMK4VPeCLDSoF,Nadarang,59,232960,6ogIjp0fsbUxlqy9q2rvrT,Shanti Dope,1,6qe09VXZoKHHSU54OLpWWP,TikTok OPM Trending
0BaMZMMEG7GWrUYsoGw8Yg,Neneng B,4,358015,"['3lFMRWaEWZlfXdBig97kks', '3j68amnROqGZ0rCSiwuKUF']","['Nik Makino', 'Raf Davis']",2,6qe09VXZoKHHSU54OLpWWP,TikTok OPM Trending
3iZB3VUDerY5P96rhBKwKr,Dalaga,55,192940,0YrWkiT8pKvEu71t5Yllj7,Arvey,1,6qe09VXZoKHHSU54OLpWWP,TikTok OPM Trending
6BZLjTOKBPqhq4xpOLkjrp,Nandyan Agad Ako,56,240178,"['2iB7AJhJmkWkkehY9ccB0j', '06CagClkrklsRICDlnlSRw']","['Ex Battalion', 'Flow G']",2,6qe09VXZoKHHSU54OLpWWP,TikTok OPM Trending
6X7eJp4lv4ZeTkWor2wHLz,Shantidope,52,211146,"['6ogIjp0fsbUxlqy9q2rvrT', '7HJDRQAfEcFiARVehhM6qD']","['Shanti Dope', 'Gloc 9']",2,6qe09VXZoKHHSU54OLpWWP,TikTok OPM Trending
5f9808hpiCpuNyqqdXmpF2,Buwan,62,343446,0a4r2EnsevvHCukoJ1xFwJ,juan karlos,1,6qe09VXZoKHHSU54OLpWWP,TikTok OPM Trending
0iXmvPiarrKooyaO3E7czl,Araw Araw Love Flow G,47,130607,"['3PDFGpPl4ienSn5Vwisfrh', '00xU4wfephkJrjwJPDvfkf', '4sMPx4jHZiz0t9UgPsCnoF', '117XFtbZPnCI1EYKjYZWJc', '71hhKLR9oCOsHLdRIoQ5OU']","['Flow G', 'O.C. Dawgs', 'Kakaiboys', 'Skusta Clee', 'King Badger']",5,6qe09VXZoKHHSU54OLpWWP,TikTok OPM Trending
34ob61cxp34Sf7KHK6RnSU,Sa Susunod Na Lang,64,214606,"['0iqkVK6sTXi7DZWWOeKy8Q', '117XFtbZPnCI1EYKjYZWJc', '5YwlYklJ2Cq5PfTookf1o1']","['PDL', 'Skusta Clee', 'Yuri']",3,6qe09VXZoKHHSU54OLpWWP,TikTok OPM Trending
7pzMsgcRpO7Z1tRex3yWvO,The Zebbiaanaa,49,200156,"['3PDFGpPl4ienSn5Vwisfrh', '117XFtbZPnCI1EYKjYZWJc', '00xU4wfephkJrjwJPDvfkf']","['Flow G', 'Skusta Clee', 'O.C. Dawgs']",3,6qe09VXZoKHHSU54OLpWWP,TikTok OPM Trending
3R6Hl2e7hAyCfofRRToKAo,Malayo Ka Man,63,254139,"['3r0NbTTxtCBUyxcIR4prXr', '6EJq8HkmiNvcbGyKGNs43M', '1mu7fvV0tXEx4O3NROKgze', '0lLCFkAncltHh96BcwLU0b']","['Jr Crown', 'Kath', 'Cyclone', 'Young Weezy']",4,6qe09VXZoKHHSU54OLpWWP,TikTok OPM Trending
3YQp6N0vdiLEhpqKjRcN2L,Hayaan Mo Sila (Inspired by I'm the One),0,364076,"['2iB7AJhJmkWkkehY9ccB0j', '00xU4wfephkJrjwJPDvfkf']","['Ex Battalion', 'O.C. Dawgs']",2,6qe09VXZoKHHSU54OLpWWP,TikTok OPM Trending
5sLGYJOhLP197nmkaRMMEH,Ngayong Gabi,57,267456,2G7VQ1kVhVfNagytlousgm,Al James,1,6qe09VXZoKHHSU54OLpWWP,TikTok OPM Trending
2aoiMd5FGyG5NfVDdiwjuM,Akala Ko Nung Una (feat. Future Thug),54,301388,"['00xU4wfephkJrjwJPDvfkf', '76NxcmJ0WRPzIP6CSn4Ccu']","['O.C. Dawgs', 'Future Thug']",2,6qe09VXZoKHHSU54OLpWWP,TikTok OPM Trending
00mBzIWv5gHOYxwuEJXjOG,Sa Ngalan Ng Pag-Ibig,65,285138,4qFxP3qN9GsnZDOkAE6x2m,December Avenue,1,6qe09VXZoKHHSU54OLpWWP,TikTok OPM Trending
21gD3c0BUpor0wkpagps6R,Bumalik Ka Na Sa'kin,54,216386,4nGp682WMiKS4X217kPw8C,Silent Sanctuary,1,6qe09VXZoKHHSU54OLpWWP,TikTok OPM Trending
58grXgbCj7t5ulr0TGLIr9,Kahit Ayaw Mo Na,63,243015,5HIZU0JzM0AgfItVOm4E08,This Band,1,6qe09VXZoKHHSU54OLpWWP,TikTok OPM Trending
3R6Hl2e7hAyCfofRRToKAo,Malayo Ka Man,63,254139,"['3r0NbTTxtCBUyxcIR4prXr', '6EJq8HkmiNvcbGyKGNs43M', '1mu7fvV0tXEx4O3NROKgze', '0lLCFkAncltHh96BcwLU0b']","['Jr Crown', 'Kath', 'Cyclone', 'Young Weezy']",4,73nHF6tcgWoRlqmzmUaXCC,TikTok OPM Faves
3aycdSP3P2E7pb4piU4KqO,Pinagpalit,37,189440,3UQp19LiNZeaMJx97j9OlX,Macaulay Sulkin,1,73nHF6tcgWoRlqmzmUaXCC,TikTok OPM Faves
7MrDfa1uQGVXx0JMZ2u5tN,Hayaan Mo Sila,57,367229,"['2iB7AJhJmkWkkehY9ccB0j', '00xU4wfephkJrjwJPDvfkf']","['Ex Battalion', 'O.C. Dawgs']",2,73nHF6tcgWoRlqmzmUaXCC,TikTok OPM Faves
5tdjElcAN1YEjY3ScjvN0Q,Sabi Ko Na Barbie,20,207307,3iw7qeDiWDu3nmXovY1EVS,Power Beats Club,1,73nHF6tcgWoRlqmzmUaXCC,TikTok OPM Faves
4T7CM071eEoHudiDShZlCJ,Tala,59,245053,6aiCKnIN68hohzU3ZzNq48,Sarah Geronimo,1,73nHF6tcgWoRlqmzmUaXCC,TikTok OPM Faves
1x7DysraeqSgVgj95hHc3U,Araw-Araw Love,61,211278,3PDFGpPl4ienSn5Vwisfrh,Flow G,1,73nHF6tcgWoRlqmzmUaXCC,TikTok OPM Faves
4YMfE4r1JWADFw2Fn74XW2,Catriona,59,204512,1SrWbIDP84JcSDr0oTBAQw,Matthaios,1,73nHF6tcgWoRlqmzmUaXCC,TikTok OPM Faves
54b8IPvheXDpro2VR2rWAS,Ivana,56,246550,2EGJbNf0Hva2C2N6hvhMXD,Soulstice,1,73nHF6tcgWoRlqmzmUaXCC,TikTok OPM Faves
5DdSN5U634K0bREQEbz6VI,Dati,53,240600,"['2P3aLwJ41aRYkyFFw2FRM7', '2j0vP8ZxbL4V0hBbHOjvrH', '3i56tClx1CsaoGJC8BKlhz']","['Sam Concepcion', 'Tippy Dos Santos', 'Quest']",3,73nHF6tcgWoRlqmzmUaXCC,TikTok OPM Faves
0f4UsNWSkzFp0Q1UfmghXs,Bawal Lumabas - The Classroom Song,31,178812,5rmy4yOHBOptMctO6t5Drl,Kim Chiu,1,73nHF6tcgWoRlqmzmUaXCC,TikTok OPM Faves
0jfW1sHHxfinhSluUi200e,Kinikilig,41,225601,1IJ4wDIUWLb0XLmPN79SDj,Hazel Faith,1,73nHF6tcgWoRlqmzmUaXCC,TikTok OPM Faves
5J0obeHgIFKkPiGBPTOqLw,Panalo (Trap Cari単osa),52,217414,1IQ4CjwKkdARjL5KtYiMt4,Ez Mil,1,73nHF6tcgWoRlqmzmUaXCC,TikTok OPM Faves
7iNMzfw2couNdTNXMYG2IR,Filipina Girl,51,218133,"['43CiK1548VVp2DT95joswS', '63mE8E2Q1P6J5ibuqE2Kau', '24fEOzlKhgSNLIcy9NdmwH']","['Billy Crawford', 'Marcus Davis', 'James Reid']",3,73nHF6tcgWoRlqmzmUaXCC,TikTok OPM Faves
2oX05W6LxDNAUidLwUhmZT,Baby Ko Si Kulot,51,245280,"['2FGYJ3WqsLqkv65pO5NYYQ', '7zCGEvHHXdsmKV7CwFHzYq', '61KGrI8dADQ37fbRkspJXC']","['Guthrie Nikolao', 'Benidic Fragata II', 'JEN RICK MENDOZA']",3,73nHF6tcgWoRlqmzmUaXCC,TikTok OPM Faves
3a22L5P9cix1HFNzjb3SpB,Sulyap,62,255530,"['3r0NbTTxtCBUyxcIR4prXr', '0TlpoVBa03V0XNXBq7Gjrh', '1BRWy7wxFVAwIgkKSKv3mg']","['Jr Crown', 'Thome', 'Chris Line']",3,73nHF6tcgWoRlqmzmUaXCC,TikTok OPM Faves
3us3yACYidjyZwm9to0czY,Magandang Dilag,64,237818,"['2JyNzzFJh2wkkZo7ZjMSs2', '0rx2UZbWDlT7ODEHARgi1L']","['JM Bales', 'KVN']",2,73nHF6tcgWoRlqmzmUaXCC,TikTok OPM Faves
4v2yxWNY3WCzB0YS9QJZP4,Byahe,73,249184,2U5mF0PZqGu6glnz55yY0y,John Roa,1,73nHF6tcgWoRlqmzmUaXCC,TikTok OPM Faves
7bUvgvAf0tdQIty95lV5wf,Dance With You,71,244321,"['117XFtbZPnCI1EYKjYZWJc', '5xOvrnVpLjzfGi69GDlzQY']","['Skusta Clee', 'Yuridope']",2,73nHF6tcgWoRlqmzmUaXCC,TikTok OPM Faves
1dcNEEtODRVZEevQ20Cgmy,Nangangamba,75,210354,67IN4cLJ7798gUapyZlmac,Zack Tabudlo,1,73nHF6tcgWoRlqmzmUaXCC,TikTok OPM Faves
3WUEs51GpcvlgU7lehLgLh,Kathang Isip,70,318814,4DAcJXcjX0zlQAZAPAx4Zb,Ben&Ben,1,3QcOw7uBZpPrF43ANtan0N,Tiktok OPM 2020
3PLARiBoxCpJFUMZhvV63x,Dalaga,54,297932,0WleeEe3UurwlNbDGhb5Yz,ALLMO$T,1,3QcOw7uBZpPrF43ANtan0N,Tiktok OPM 2020
2mwd0LWLBgtQBEOLG96nbU,Bagay Tayo,58,397033,0WleeEe3UurwlNbDGhb5Yz,ALLMO$T,1,3QcOw7uBZpPrF43ANtan0N,Tiktok OPM 2020
7HInAqptuH6G86hfYgez9g,Dulo,0,228038,"['0WleeEe3UurwlNbDGhb5Yz', '3HasgIoeo67ahsXOgOguiJ', '021sXp6RH5MQCCp2hmal6q', '4KJaRpxinPqfXjN3s4G4vX']","['ALLMO$T', 'Crakky', 'Jom', 'Clien']",4,3QcOw7uBZpPrF43ANtan0N,Tiktok OPM 2020
5P9lp3aMQws2X4MH5d3xyT,Anestisya,9,236670,6MCW0S6GvMj7QaaH9sckgi,JBK,1,3QcOw7uBZpPrF43ANtan0N,Tiktok OPM 2020
3vGkyQlCw8LklNip0ZUELC,Nobela,62,291506,70ljCILl0aVXitf3K39YvT,Join The Club,1,3QcOw7uBZpPrF43ANtan0N,Tiktok OPM 2020
6VqZS3Wmf53pbfDBVEYvnP,Hindi Tayo Pwede,65,303937,1YlibpAvhJBbMZMBwN1KGv,The Juans,1,3QcOw7uBZpPrF43ANtan0N,Tiktok OPM 2020
34ob61cxp34Sf7KHK6RnSU,Sa Susunod Na Lang,64,214606,"['0iqkVK6sTXi7DZWWOeKy8Q', '117XFtbZPnCI1EYKjYZWJc', '5YwlYklJ2Cq5PfTookf1o1']","['PDL', 'Skusta Clee', 'Yuri']",3,3QcOw7uBZpPrF43ANtan0N,Tiktok OPM 2020
6YEO7K4hwGKh7BmNxMMvkc,Oks Lang,59,336369,2U5mF0PZqGu6glnz55yY0y,John Roa,1,3QcOw7uBZpPrF43ANtan0N,Tiktok OPM 2020
5l9g7py8RCblcvbZgGQgSd,Pagtingin,65,227370,4DAcJXcjX0zlQAZAPAx4Zb,Ben&Ben,1,3QcOw7uBZpPrF43ANtan0N,Tiktok OPM 2020
6C3SKl8oJbfjfJBANhuQuu,Akala,51,341167,0lslA51eKXwTUY0TSX9Emy,Marion Aunor,1,3QcOw7uBZpPrF43ANtan0N,Tiktok OPM 2020
6p6DiqAPwMX7vdrSo30wgo,'Di Na Muli,55,207018,09Xydf4dlkr29dH99DmsvQ,Janine Te単oso,1,3QcOw7uBZpPrF43ANtan0N,Tiktok OPM 2020
6IdEQ3HUseBeRUYFSzSMdL,Zebbiana,62,304664,117XFtbZPnCI1EYKjYZWJc,Skusta Clee,1,3QcOw7uBZpPrF43ANtan0N,Tiktok OPM 2020
4T7CM071eEoHudiDShZlCJ,Tala,59,245053,6aiCKnIN68hohzU3ZzNq48,Sarah Geronimo,1,3QcOw7uBZpPrF43ANtan0N,Tiktok OPM 2020
0f4UsNWSkzFp0Q1UfmghXs,Bawal Lumabas - The Classroom Song,31,178812,5rmy4yOHBOptMctO6t5Drl,Kim Chiu,1,3QcOw7uBZpPrF43ANtan0N,Tiktok OPM 2020
3iZB3VUDerY5P96rhBKwKr,Dalaga,55,192940,0YrWkiT8pKvEu71t5Yllj7,Arvey,1,3QcOw7uBZpPrF43ANtan0N,Tiktok OPM 2020
3R6Hl2e7hAyCfofRRToKAo,Malayo Ka Man,63,254139,"['3r0NbTTxtCBUyxcIR4prXr', '6EJq8HkmiNvcbGyKGNs43M', '1mu7fvV0tXEx4O3NROKgze', '0lLCFkAncltHh96BcwLU0b']","['Jr Crown', 'Kath', 'Cyclone', 'Young Weezy']",4,3QcOw7uBZpPrF43ANtan0N,Tiktok OPM 2020
0yRXPoZx4gkGUYDqNwEGOM,Marikit,0,263333,"['6kyw9sh7ryjy1GQdPYH3Yd', '1EMaB1ZnRpeXWruJZMtaUa']","['Juan Caoile', 'Kyleswish']",2,3QcOw7uBZpPrF43ANtan0N,Tiktok OPM 2020
4YMfE4r1JWADFw2Fn74XW2,Catriona,59,204512,1SrWbIDP84JcSDr0oTBAQw,Matthaios,1,3QcOw7uBZpPrF43ANtan0N,Tiktok OPM 2020
1DtErFZ8cHNGUYg7IBjnqG,Dyosa,44,217973,3Lm6KZ2WWaRdUNneczEhp5,Yumi Lacsamana,1,3QcOw7uBZpPrF43ANtan0N,Tiktok OPM 2020
54b8IPvheXDpro2VR2rWAS,Ivana,56,246550,2EGJbNf0Hva2C2N6hvhMXD,Soulstice,1,3QcOw7uBZpPrF43ANtan0N,Tiktok OPM 2020
1x7DysraeqSgVgj95hHc3U,Araw-Araw Love,61,211278,3PDFGpPl4ienSn5Vwisfrh,Flow G,1,3QcOw7uBZpPrF43ANtan0N,Tiktok OPM 2020
0G5qmu4TsdUH19zdcbI9Ui,Vibe With Me,58,139180,"['1SrWbIDP84JcSDr0oTBAQw', '2qm7ZmuzLVRcaQgeYxXZdT']","['Matthaios', 'Lonezo']",2,3QcOw7uBZpPrF43ANtan0N,Tiktok OPM 2020
6xhFJYohao1sWHjoGl7VrZ,Chinita,47,234885,"['060TqET6tyyfAQLXDyIDD8', '3lFMRWaEWZlfXdBig97kks', '65pC7ySFWSOsEUPorwrAaK']","['Raf Davis', 'Nik Makino', 'M$tryo']",3,3QcOw7uBZpPrF43ANtan0N,Tiktok OPM 2020
13pv5UWJttg8NNplCaaOYh,Binibini,57,137717,"['1SrWbIDP84JcSDr0oTBAQw', '3WyQJx169swY8v3htgAqaK']","['Matthaios', 'Calvin De Leon']",2,3QcOw7uBZpPrF43ANtan0N,Tiktok OPM 2020
3ydNaTFEI8ddeLU2L3Q9lp,Ingatan Mo,53,268993,"['7tiYEpNsb7Jgby6NB6jKfh', '7CcyOtMrpZtVEI0xomZNTc', '2nVxH6zR4DQKmJp7d28yLM']","['Yayoi', 'Serjo', 'JDK']",3,3QcOw7uBZpPrF43ANtan0N,Tiktok OPM 2020
5jLUKFlEJzOf6b6PCaohFI,I Want You Back,56,265247,"['1SrWbIDP84JcSDr0oTBAQw', '3WyQJx169swY8v3htgAqaK']","['Matthaios', 'Calvin De Leon']",2,3QcOw7uBZpPrF43ANtan0N,Tiktok OPM 2020
6r7sdXUiKjgEx3I8GQRpSq,Chinita Girl,57,238859,"['7Dhd8nNMvFdye1R3Y8wE6C', '4CXLeb01RHMHdXyUQT84M8']","['Lil Vinceyy', 'Guel']",2,3QcOw7uBZpPrF43ANtan0N,Tiktok OPM 2020
5tdjElcAN1YEjY3ScjvN0Q,Sabi Ko Na Barbie,20,207307,3iw7qeDiWDu3nmXovY1EVS,Power Beats Club,1,3QcOw7uBZpPrF43ANtan0N,Tiktok OPM 2020
3aycdSP3P2E7pb4piU4KqO,Pinagpalit,37,189440,3UQp19LiNZeaMJx97j9OlX,Macaulay Sulkin,1,3QcOw7uBZpPrF43ANtan0N,Tiktok OPM 2020
4Vm7Wy7U09ZWdjtQOudjO0,Balang Araw,35,246923,0XOSmu9Qn1agQULUVe0dAK,Inigo Pascual,1,3QcOw7uBZpPrF43ANtan0N,Tiktok OPM 2020
0mgbKyUiFC1OBgfJTupePk,Selfie Song,31,281000,5aquJZfDS2FWzG39lXbEN8,Davey Langit,1,3QcOw7uBZpPrF43ANtan0N,Tiktok OPM 2020
5en0gvJmw9GeS9Xv4rnZ7U,Heart React,44,311038,0WleeEe3UurwlNbDGhb5Yz,ALLMO$T,1,3QcOw7uBZpPrF43ANtan0N,Tiktok OPM 2020
1gMvZrZgaxj2NOjB81l6yO,Dati,47,238360,2j0vP8ZxbL4V0hBbHOjvrH,Tippy Dos Santos,1,3QcOw7uBZpPrF43ANtan0N,Tiktok OPM 2020
39fwy7Q1spclVNFeu64lgd,Walang Gana,49,200393,71hhKLR9oCOsHLdRIoQ5OU,King Badger,1,3QcOw7uBZpPrF43ANtan0N,Tiktok OPM 2020
2tzAN1L07SNwnOdgOEeuQr,Pauwi Nako,62,341573,"['0iqkVK6sTXi7DZWWOeKy8Q', '117XFtbZPnCI1EYKjYZWJc', '0uD1WQbTE0pNDiJe0iGEaU', '5MfvrLwRcs98YwS3C9Uf1u', '5xOvrnVpLjzfGi69GDlzQY', '3PDFGpPl4ienSn5Vwisfrh']","['PDL', 'Skusta Clee', 'Jnske', 'Bullet D', 'Yuridope', 'Flow G']",6,3QcOw7uBZpPrF43ANtan0N,Tiktok OPM 2020
3Vgs7vderh6Ih8K42s3jnY,Miss Flawless,50,274000,"['3PDFGpPl4ienSn5Vwisfrh', '3xbpJdoJDLAfYn3ZeLlukg', '2ju5WPOa4B6YCMTqP2tzke']","['Flow G', 'Bosx1ne', 'Sachzna']",3,3QcOw7uBZpPrF43ANtan0N,Tiktok OPM 2020
2aJ6HclWuCI2lx9m7QBqCJ,Nakakamiss,52,307252,"['2FvXtuMlYRrEkSF7kdAfFq', '5ARszAxExBCstgC0cLXK4J', '1H7jRjl9QdKfOWU47YAD3V', '4K7jEoIMJx2MpmgivAbJsS']","['Smugglaz', 'Curse One', 'Dello', 'Flict G']",4,3QcOw7uBZpPrF43ANtan0N,Tiktok OPM 2020
3rIsR2jKs5Tntk0621jFW8,Tao Lang,50,255386,"['552jNI1kUtB1FPRZFliQxc', '4N7VMCvYd9Reh5bJLnRVzY']","['Loonie', 'Quest']",2,3QcOw7uBZpPrF43ANtan0N,Tiktok OPM 2020
0SVRfMSijOzwBeM0OGq6Yc,Kabet,32,258513,2EGJbNf0Hva2C2N6hvhMXD,Soulstice,1,3QcOw7uBZpPrF43ANtan0N,Tiktok OPM 2020
1pi3VCMlGVaXvrjlVOkBPN,KLWKN,67,256572,52gTrzyF0DyfkFl1DQz9Oq,Music Hero,1,3QcOw7uBZpPrF43ANtan0N,Tiktok OPM 2020
6pEyy9fNKhTineSp9oByaJ,Social Media (Damn),37,382129,0WleeEe3UurwlNbDGhb5Yz,ALLMO$T,1,3QcOw7uBZpPrF43ANtan0N,Tiktok OPM 2020
1HwqhHqR60FCREzLkpnhiQ,BamBamBam,49,211182,0touaoSr4QOLYxBJ9lmGgK,Karencitta,1,3QcOw7uBZpPrF43ANtan0N,Tiktok OPM 2020
3rxNuBoZ8GNLwTrtJMuY66,Kahit Ganyan Ka,46,250028,"['3r0NbTTxtCBUyxcIR4prXr', '0TlpoVBa03V0XNXBq7Gjrh', '6EJq8HkmiNvcbGyKGNs43M']","['Jr Crown', 'Thome', 'Kath']",3,3QcOw7uBZpPrF43ANtan0N,Tiktok OPM 2020
2wZTwfWU6sd91TY8zXxzgH,Baka Di Tayo,52,288493,"['7tiYEpNsb7Jgby6NB6jKfh', '2vAW1NSpKkOBUVJUX9riJq', '0vnlHLhuS6vjChVQXgvPHw']","['Yayoi', 'Yosso', 'Lopau']",3,3QcOw7uBZpPrF43ANtan0N,Tiktok OPM 2020
3bYLZQYul37wREdPWyqa9r,Panalangin,0,296664,"['3lFMRWaEWZlfXdBig97kks', '5ymPIu9wSodgMeJjKsBL2P', '1AUXkzvFyZ10nzrpb9kDg4']","['Nik Makino', 'Flow G', 'Honcho']",3,3QcOw7uBZpPrF43ANtan0N,Tiktok OPM 2020
1hIqfuatTJEsjWfPOQ3dYp,Pag Tumingin Ka Akin Ka,42,227977,"['11VAw1gSlLWsc2RS9UcyHk', '7tiYEpNsb7Jgby6NB6jKfh', '0pUx4FLdw1NRqux4Yxj0ri']","['Princess Thea', 'Yayoi', 'Still One']",3,3QcOw7uBZpPrF43ANtan0N,Tiktok OPM 2020
02Q2QvYL0wCBhugTxVMYTc,Binibining Dalaga,7,194628,24OOezLAWogOzOGA6zinFo,Vinoh,1,3QcOw7uBZpPrF43ANtan0N,Tiktok OPM 2020
3us3yACYidjyZwm9to0czY,Magandang Dilag,64,237818,"['2JyNzzFJh2wkkZo7ZjMSs2', '0rx2UZbWDlT7ODEHARgi1L']","['JM Bales', 'KVN']",2,3QcOw7uBZpPrF43ANtan0N,Tiktok OPM 2020
66HVWqZczb2q9gF2vGodgY,Sayaw Kikay,20,259343,5tRu5cxIoKA3BYCJ75cX8Y,Star Music Artist,1,3QcOw7uBZpPrF43ANtan0N,Tiktok OPM 2020
1uEW5guMnz7q1t6Fp69B1d,Tahong Ni Carla (Budots Bombtek),31,366915,3iw7qeDiWDu3nmXovY1EVS,Power Beats Club,1,3QcOw7uBZpPrF43ANtan0N,Tiktok OPM 2020
5V8o0qxXDxhZZ2HfDlq9vd,Morena Girl,41,269387,"['05DD2jrwqfXiyDk3wDG8Yb', '6f1STBjUgGSACADpoynbc8']","['JustRap', 'Inza']",2,3QcOw7uBZpPrF43ANtan0N,Tiktok OPM 2020
4tWPUDJ6T5vMDBVUk41r7e,Kiat Jud Day,43,234475,0VOfa8drf3sfLXmaLMX1iJ,DjKeinth,1,3QcOw7uBZpPrF43ANtan0N,Tiktok OPM 2020
2YreeV0asmC6tgM4IH2g5F,Pangga,56,195186,"['1SrWbIDP84JcSDr0oTBAQw', '1IFBgp2dkXquUYSNEY6hK7']","['Matthaios', 'Soulthrll']",2,3QcOw7uBZpPrF43ANtan0N,Tiktok OPM 2020
4YMfE4r1JWADFw2Fn74XW2,Catriona,59,204512,1SrWbIDP84JcSDr0oTBAQw,Matthaios,1,1QZdvj95M7yelAuCFkoJpB,TIKTOK OPM
0BkKdJSpKqzYLEneerSHq3,Mau,52,267013,6ogIjp0fsbUxlqy9q2rvrT,Shanti Dope,1,1QZdvj95M7yelAuCFkoJpB,TIKTOK OPM
0BaMZMMEG7GWrUYsoGw8Yg,Neneng B,4,358015,"['3lFMRWaEWZlfXdBig97kks', '3j68amnROqGZ0rCSiwuKUF']","['Nik Makino', 'Raf Davis']",2,1QZdvj95M7yelAuCFkoJpB,TIKTOK OPM
6IdEQ3HUseBeRUYFSzSMdL,Zebbiana,62,304664,117XFtbZPnCI1EYKjYZWJc,Skusta Clee,1,1QZdvj95M7yelAuCFkoJpB,TIKTOK OPM
1hIqfuatTJEsjWfPOQ3dYp,Pag Tumingin Ka Akin Ka,42,227977,"['11VAw1gSlLWsc2RS9UcyHk', '7tiYEpNsb7Jgby6NB6jKfh', '0pUx4FLdw1NRqux4Yxj0ri']","['Princess Thea', 'Yayoi', 'Still One']",3,1QZdvj95M7yelAuCFkoJpB,TIKTOK OPM
5jLUKFlEJzOf6b6PCaohFI,I Want You Back,56,265247,"['1SrWbIDP84JcSDr0oTBAQw', '3WyQJx169swY8v3htgAqaK']","['Matthaios', 'Calvin De Leon']",2,1QZdvj95M7yelAuCFkoJpB,TIKTOK OPM
34ob61cxp34Sf7KHK6RnSU,Sa Susunod Na Lang,64,214606,"['0iqkVK6sTXi7DZWWOeKy8Q', '117XFtbZPnCI1EYKjYZWJc', '5YwlYklJ2Cq5PfTookf1o1']","['PDL', 'Skusta Clee', 'Yuri']",3,1QZdvj95M7yelAuCFkoJpB,TIKTOK OPM
3pfXzXbRJNXOT7f2IQ1s2p,Sumayaw Ka,40,222160,7HJDRQAfEcFiARVehhM6qD,Gloc 9,1,1QZdvj95M7yelAuCFkoJpB,TIKTOK OPM
2aoiMd5FGyG5NfVDdiwjuM,Akala Ko Nung Una (feat. Future Thug),54,301388,"['00xU4wfephkJrjwJPDvfkf', '76NxcmJ0WRPzIP6CSn4Ccu']","['O.C. Dawgs', 'Future Thug']",2,1QZdvj95M7yelAuCFkoJpB,TIKTOK OPM
2mwd0LWLBgtQBEOLG96nbU,Bagay Tayo,58,397033,0WleeEe3UurwlNbDGhb5Yz,ALLMO$T,1,1QZdvj95M7yelAuCFkoJpB,TIKTOK OPM
6LJ1p1h5EcMK4VPeCLDSoF,Nadarang,59,232960,6ogIjp0fsbUxlqy9q2rvrT,Shanti Dope,1,1QZdvj95M7yelAuCFkoJpB,TIKTOK OPM
6BZLjTOKBPqhq4xpOLkjrp,Nandyan Agad Ako,56,240178,"['2iB7AJhJmkWkkehY9ccB0j', '06CagClkrklsRICDlnlSRw']","['Ex Battalion', 'Flow G']",2,1QZdvj95M7yelAuCFkoJpB,TIKTOK OPM
22J11hk99ZEcWGcEc9wszk,Need You,0,354071,"['2iB7AJhJmkWkkehY9ccB0j', '3xbpJdoJDLAfYn3ZeLlukg', '2U5mF0PZqGu6glnz55yY0y', '3uWiJPiieoALNDN6Ak3jtd', '3PDFGpPl4ienSn5Vwisfrh', '5HFNP1mrnemxa4WQHesFyt', '4e52OjekZlQYZn9GqKJASY', '117XFtbZPnCI1EYKjYZWJc']","['Ex Battalion', 'Bosx1ne', 'John Roa', 'Emcee Rhenn', 'Flow G', 'Bullet-D', 'Kent Mnl', 'Skusta Clee']",8,1QZdvj95M7yelAuCFkoJpB,TIKTOK OPM
7MrDfa1uQGVXx0JMZ2u5tN,Hayaan Mo Sila,57,367229,"['2iB7AJhJmkWkkehY9ccB0j', '00xU4wfephkJrjwJPDvfkf']","['Ex Battalion', 'O.C. Dawgs']",2,1QZdvj95M7yelAuCFkoJpB,TIKTOK OPM
5sLGYJOhLP197nmkaRMMEH,Ngayong Gabi,57,267456,2G7VQ1kVhVfNagytlousgm,Al James,1,1QZdvj95M7yelAuCFkoJpB,TIKTOK OPM
5sSmsk6I2P6SjwHRHajbo4,Sandali,0,269217,0n4a5imdLBN24fIrBWoqrv,Because,1,1QZdvj95M7yelAuCFkoJpB,TIKTOK OPM
0G5qmu4TsdUH19zdcbI9Ui,Vibe With Me,58,139180,"['1SrWbIDP84JcSDr0oTBAQw', '2qm7ZmuzLVRcaQgeYxXZdT']","['Matthaios', 'Lonezo']",2,1QZdvj95M7yelAuCFkoJpB,TIKTOK OPM
1x7DysraeqSgVgj95hHc3U,Araw-Araw Love,61,211278,3PDFGpPl4ienSn5Vwisfrh,Flow G,1,1QZdvj95M7yelAuCFkoJpB,TIKTOK OPM
6VqZS3Wmf53pbfDBVEYvnP,Hindi Tayo Pwede,65,303937,1YlibpAvhJBbMZMBwN1KGv,The Juans,1,1QZdvj95M7yelAuCFkoJpB,TIKTOK OPM
3iZB3VUDerY5P96rhBKwKr,Dalaga,55,192940,0YrWkiT8pKvEu71t5Yllj7,Arvey,1,1QZdvj95M7yelAuCFkoJpB,TIKTOK OPM
3aycdSP3P2E7pb4piU4KqO,Pinagpalit,37,189440,3UQp19LiNZeaMJx97j9OlX,Macaulay Sulkin,1,1QZdvj95M7yelAuCFkoJpB,TIKTOK OPM
0Iu5xWN9wtWHp5daIj0Mjb,'Di Lahat,45,234893,1dpv0XBdgUa5z4vzn7ahIz,Donnalyn,1,1QZdvj95M7yelAuCFkoJpB,TIKTOK OPM
3qlqxSrT6w6m4bvbGrY8NP,Hindi Ako,27,289454,1dpv0XBdgUa5z4vzn7ahIz,Donnalyn,1,1QZdvj95M7yelAuCFkoJpB,TIKTOK OPM
3R6Hl2e7hAyCfofRRToKAo,Malayo Ka Man,63,254139,"['3r0NbTTxtCBUyxcIR4prXr', '6EJq8HkmiNvcbGyKGNs43M', '1mu7fvV0tXEx4O3NROKgze', '0lLCFkAncltHh96BcwLU0b']","['Jr Crown', 'Kath', 'Cyclone', 'Young Weezy']",4,1QZdvj95M7yelAuCFkoJpB,TIKTOK OPM
54b8IPvheXDpro2VR2rWAS,Ivana,56,246550,2EGJbNf0Hva2C2N6hvhMXD,Soulstice,1,1QZdvj95M7yelAuCFkoJpB,TIKTOK OPM
00QxPiv5tWA0DivDF4bFzR,Baliw Sayo (feat. Bosx1ne),52,287089,"['2U5mF0PZqGu6glnz55yY0y', '3xbpJdoJDLAfYn3ZeLlukg']","['John Roa', 'Bosx1ne']",2,1QZdvj95M7yelAuCFkoJpB,TIKTOK OPM
4zTMaagWnnl6700UOkftOT,Parokyana,0,214093,1vcXQE9gZOF9PCAtdtT51L,Geo Ong,1,1QZdvj95M7yelAuCFkoJpB,TIKTOK OPM
5hCJIUsAqjKFlvKrvCcUIb,Need You,58,354071,"['3xbpJdoJDLAfYn3ZeLlukg', '2U5mF0PZqGu6glnz55yY0y', '117XFtbZPnCI1EYKjYZWJc', '3uWiJPiieoALNDN6Ak3jtd', '3PDFGpPl4ienSn5Vwisfrh', '5HFNP1mrnemxa4WQHesFyt', '4e52OjekZlQYZn9GqKJASY']","['Bosx1ne', 'John Roa', 'Skusta Clee', 'Emcee Rhenn', 'Flow G', 'Bullet-D', 'Kent Mnl']",7,1QZdvj95M7yelAuCFkoJpB,TIKTOK OPM
3BNwUaRo3w1teVSkd69sL8,Bounty,52,354087,2iB7AJhJmkWkkehY9ccB0j,Ex Battalion,1,1QZdvj95M7yelAuCFkoJpB,TIKTOK OPM
19AlSgwI1midC2PU1TDkeF,Pekeng Kaibigan,47,249085,1vcXQE9gZOF9PCAtdtT51L,Geo Ong,1,1QZdvj95M7yelAuCFkoJpB,TIKTOK OPM
0yRXPoZx4gkGUYDqNwEGOM,Marikit,0,263333,"['6kyw9sh7ryjy1GQdPYH3Yd', '1EMaB1ZnRpeXWruJZMtaUa']","['Juan Caoile', 'Kyleswish']",2,1QZdvj95M7yelAuCFkoJpB,TIKTOK OPM
1JDYiEKUPc8FRqxN5uf4F0,Pwede Ba - Cover Version,48,224880,2G7VQ1kVhVfNagytlousgm,Al James,1,1QZdvj95M7yelAuCFkoJpB,TIKTOK OPM
0LlJbV4lyzJYE14YCwTURf,Tampo,39,321274,0WleeEe3UurwlNbDGhb5Yz,ALLMO$T,1,1QZdvj95M7yelAuCFkoJpB,TIKTOK OPM
5FPcHCTDsdfrU8SVeXoxyS,Dito Ka Lang,29,253341,"['45GqSja1kI92nc4BKJa9qz', '193Pn4VX0WpjO1Y0DF5tYK']","['Cash Koo', 'Pk Dice']",2,1QZdvj95M7yelAuCFkoJpB,TIKTOK OPM
7eOaBnONEvJMetjxgMiVGO,Bisaya,34,209978,"['0CLdPh0gCvXGzPTLGn8f6n', '14TYg44hv7m4E617vgKSlN', '5cTzhQW14mWxtjzQeSMmC2']","['Kuya Bryan', 'Gerlyn Aba単o', 'Johnel Bucog']",3,1QZdvj95M7yelAuCFkoJpB,TIKTOK OPM
5LZqOdfYUXunyhHmPqGI6j,Lexi,4,229067,3lFMRWaEWZlfXdBig97kks,Nik Makino,1,1QZdvj95M7yelAuCFkoJpB,TIKTOK OPM
5en0gvJmw9GeS9Xv4rnZ7U,Heart React,44,311038,0WleeEe3UurwlNbDGhb5Yz,ALLMO$T,1,1QZdvj95M7yelAuCFkoJpB,TIKTOK OPM
3sWLOFGI7dNN6YBM1m1RKB,Miracle Nights,60,374117,"['0WleeEe3UurwlNbDGhb5Yz', '58DoiT68nhZoGfdiIZiiUw', '4mHU0bUvlVfiq0oarPYlAn']","['ALLMO$T', 'L.A. GOON$', 'Peso Mercado']",3,1QZdvj95M7yelAuCFkoJpB,TIKTOK OPM
3u9tIlAnygQGNJ5VuSvTfi,Bagay Tayo,0,397033,0WleeEe3UurwlNbDGhb5Yz,ALLMO$T,1,1QZdvj95M7yelAuCFkoJpB,TIKTOK OPM
7iNMzfw2couNdTNXMYG2IR,Filipina Girl,51,218133,"['43CiK1548VVp2DT95joswS', '63mE8E2Q1P6J5ibuqE2Kau', '24fEOzlKhgSNLIcy9NdmwH']","['Billy Crawford', 'Marcus Davis', 'James Reid']",3,1QZdvj95M7yelAuCFkoJpB,TIKTOK OPM
2tzAN1L07SNwnOdgOEeuQr,Pauwi Nako,62,341573,"['0iqkVK6sTXi7DZWWOeKy8Q', '117XFtbZPnCI1EYKjYZWJc', '0uD1WQbTE0pNDiJe0iGEaU', '5MfvrLwRcs98YwS3C9Uf1u', '5xOvrnVpLjzfGi69GDlzQY', '3PDFGpPl4ienSn5Vwisfrh']","['PDL', 'Skusta Clee', 'Jnske', 'Bullet D', 'Yuridope', 'Flow G']",6,1QZdvj95M7yelAuCFkoJpB,TIKTOK OPM
3ydNaTFEI8ddeLU2L3Q9lp,Ingatan Mo,53,268993,"['7tiYEpNsb7Jgby6NB6jKfh', '7CcyOtMrpZtVEI0xomZNTc', '2nVxH6zR4DQKmJp7d28yLM']","['Yayoi', 'Serjo', 'JDK']",3,1QZdvj95M7yelAuCFkoJpB,TIKTOK OPM
2kRjoaqiyeS0Faus5wKztH,Ikaw Lang,62,241658,6gcteR920pLEynlHzjSRYd,Kiyo,1,1QZdvj95M7yelAuCFkoJpB,TIKTOK OPM
0yKorzbOVX0tTAqLklWW9o,Sama-Sama,48,308332,2iB7AJhJmkWkkehY9ccB0j,Ex Battalion,1,1QZdvj95M7yelAuCFkoJpB,TIKTOK OPM
13pv5UWJttg8NNplCaaOYh,Binibini,57,137717,"['1SrWbIDP84JcSDr0oTBAQw', '3WyQJx169swY8v3htgAqaK']","['Matthaios', 'Calvin De Leon']",2,1QZdvj95M7yelAuCFkoJpB,TIKTOK OPM
0khTAbrJ2PkIs3z4Ne1w3O,Chito,37,263993,"['1SrWbIDP84JcSDr0oTBAQw', '3WyQJx169swY8v3htgAqaK', '5KrSUjqj2SRoveNRwgm2rZ']","['Matthaios', 'Calvin De Leon', 'Steven Peregrina']",3,1QZdvj95M7yelAuCFkoJpB,TIKTOK OPM
6WtBVDL02RRvWlvzF4sjE9,Cutie Uyyy,59,134400,"['1IFBgp2dkXquUYSNEY6hK7', '5hACxwOyI5SiMCONu6KS4L']","['Soulthrll', 'Castro']",2,1QZdvj95M7yelAuCFkoJpB,TIKTOK OPM
1iV24xOkfxyD2Jb0NCC1Fj,"Come with Me (feat. Bosx1ne, Flow-G, King Badger & Jroa)",52,340606,"['2iB7AJhJmkWkkehY9ccB0j', '3xbpJdoJDLAfYn3ZeLlukg', '3PDFGpPl4ienSn5Vwisfrh', '71hhKLR9oCOsHLdRIoQ5OU', '2U5mF0PZqGu6glnz55yY0y']","['Ex Battalion', 'Bosx1ne', 'Flow G', 'King Badger', 'John Roa']",5,1QZdvj95M7yelAuCFkoJpB,TIKTOK OPM
0iXmvPiarrKooyaO3E7czl,Araw Araw Love Flow G,47,130607,"['3PDFGpPl4ienSn5Vwisfrh', '00xU4wfephkJrjwJPDvfkf', '4sMPx4jHZiz0t9UgPsCnoF', '117XFtbZPnCI1EYKjYZWJc', '71hhKLR9oCOsHLdRIoQ5OU']","['Flow G', 'O.C. Dawgs', 'Kakaiboys', 'Skusta Clee', 'King Badger']",5,1QZdvj95M7yelAuCFkoJpB,TIKTOK OPM
493h85YXHYDKA9jXhUxajA,No Games (feat. King Badger & Skusta Clee),51,329432,"['2iB7AJhJmkWkkehY9ccB0j', '71hhKLR9oCOsHLdRIoQ5OU', '117XFtbZPnCI1EYKjYZWJc']","['Ex Battalion', 'King Badger', 'Skusta Clee']",3,1QZdvj95M7yelAuCFkoJpB,TIKTOK OPM
7pa4kToAE3b6Gtk7fWrsLl,Dati (feat. Skusta Clee),59,197192,"['2U5mF0PZqGu6glnz55yY0y', '117XFtbZPnCI1EYKjYZWJc']","['John Roa', 'Skusta Clee']",2,1QZdvj95M7yelAuCFkoJpB,TIKTOK OPM
3vObcAVPmiKWrhBmT4Uii0,Follow My Lead,46,277207,"['2iB7AJhJmkWkkehY9ccB0j', '4Uvf65YfuW9mbTvZRE87EL', '2AJOnJc6BSB4XjfbF0PtvN']","['Ex Battalion', 'Sachzna Laparan', 'Chicser']",3,1QZdvj95M7yelAuCFkoJpB,TIKTOK OPM
4JuxOXEG09Q90L6L7LnjI1,Kakaiba (feat. Jroa & Skusta Clee),50,302803,"['2iB7AJhJmkWkkehY9ccB0j', '2U5mF0PZqGu6glnz55yY0y', '117XFtbZPnCI1EYKjYZWJc']","['Ex Battalion', 'John Roa', 'Skusta Clee']",3,1QZdvj95M7yelAuCFkoJpB,TIKTOK OPM
6s98WLEW9A7j9vMXCXeRx7,Biglang Liko,24,253000,"['6eGQ0qPUlGBjmRgyQ84g3f', '7CUr4IIEAbSm9HTIDm8R1K']","['Ron Henley', 'Pow Chavez']",2,1QZdvj95M7yelAuCFkoJpB,TIKTOK OPM
2s0J4vET9yA9oBDAWQWZzy,Tell Me,46,299730,2iB7AJhJmkWkkehY9ccB0j,Ex Battalion,1,1QZdvj95M7yelAuCFkoJpB,TIKTOK OPM
7pzMsgcRpO7Z1tRex3yWvO,The Zebbiaanaa,49,200156,"['3PDFGpPl4ienSn5Vwisfrh', '117XFtbZPnCI1EYKjYZWJc', '00xU4wfephkJrjwJPDvfkf']","['Flow G', 'Skusta Clee', 'O.C. Dawgs']",3,1QZdvj95M7yelAuCFkoJpB,TIKTOK OPM
0jfW1sHHxfinhSluUi200e,Kinikilig,41,225601,1IJ4wDIUWLb0XLmPN79SDj,Hazel Faith,1,1QZdvj95M7yelAuCFkoJpB,TIKTOK OPM
30iCOQtdPbUTUGl9dpVZ2J,Ganda Mo,41,285594,4XgWAOxOyEes5P475qx9u5,Cue C,1,1QZdvj95M7yelAuCFkoJpB,TIKTOK OPM
6r7sdXUiKjgEx3I8GQRpSq,Chinita Girl,57,238859,"['7Dhd8nNMvFdye1R3Y8wE6C', '4CXLeb01RHMHdXyUQT84M8']","['Lil Vinceyy', 'Guel']",2,1QZdvj95M7yelAuCFkoJpB,TIKTOK OPM
5gpiazmHWWCRacjoyvBrHQ,Kakaibabe,0,210520,1dpv0XBdgUa5z4vzn7ahIz,Donnalyn,1,1QZdvj95M7yelAuCFkoJpB,TIKTOK OPM
3xcoNt6pVrN0YyIG7B3IrJ,Kahit Bata Pa Ako,38,239653,30WmJkQ2BeBNgb27jhf11u,Aikee,1,1QZdvj95M7yelAuCFkoJpB,TIKTOK OPM
3LVCKSWtF8xJ56n2JFsoY3,Pasipsip Naman (feat. Eman & Third Flo'),38,323489,"['74yfTxb5doXjUcv0g1DaMi', '1O8owUeyq8eLvIFeRG9pBp', '4oq3ZPun2GUPkUBo8BzuTW']","['Abaddon', 'Eman', ""Third Flo'""]",3,1QZdvj95M7yelAuCFkoJpB,TIKTOK OPM
42pSuQfjbOQ63EoBjEjWQQ,Di Ako Fuckboy (feat. Agsunta),50,271123,"['2U5mF0PZqGu6glnz55yY0y', '3uWiJPiieoALNDN6Ak3jtd', '2UeuiDT17tm6ljs9D4bSMX']","['John Roa', 'Emcee Rhenn', 'Agsunta']",3,1QZdvj95M7yelAuCFkoJpB,TIKTOK OPM
5z4c50NuWmZaF1uyrUqAN6,The Love,42,250615,"['3PDFGpPl4ienSn5Vwisfrh', '117XFtbZPnCI1EYKjYZWJc', '71hhKLR9oCOsHLdRIoQ5OU']","['Flow G', 'Skusta Clee', 'King Badger']",3,1QZdvj95M7yelAuCFkoJpB,TIKTOK OPM
0ni3zpHyLnwNn4PGBLcvmf,Baliw Sayo (feat. Bosx1ne),31,287089,"['2U5mF0PZqGu6glnz55yY0y', '3xbpJdoJDLAfYn3ZeLlukg']","['John Roa', 'Bosx1ne']",2,1QZdvj95M7yelAuCFkoJpB,TIKTOK OPM
6n5ejwYGkCRimsj1anvShG,Larawan (feat. Flow G),55,338558,"['2U5mF0PZqGu6glnz55yY0y', '3PDFGpPl4ienSn5Vwisfrh']","['John Roa', 'Flow G']",2,1QZdvj95M7yelAuCFkoJpB,TIKTOK OPM
4v2yxWNY3WCzB0YS9QJZP4,Byahe,73,249184,2U5mF0PZqGu6glnz55yY0y,John Roa,1,1QZdvj95M7yelAuCFkoJpB,TIKTOK OPM
1jRUUq9FroLzFGA583WE9u,Dahil Sayo,44,244138,"['021sXp6RH5MQCCp2hmal6q', '117XFtbZPnCI1EYKjYZWJc']","['Jom', 'Skusta Clee']",2,1QZdvj95M7yelAuCFkoJpB,TIKTOK OPM
0jOsUoldr0TqjONy45TWis,You & I,40,300444,"['2qCwqpQzlQTlFIIggAQS9l', '27NEmk8GHnVboThu8O7mwU', '117XFtbZPnCI1EYKjYZWJc', '3xbpJdoJDLAfYn3ZeLlukg']","['Ijiboy', 'Chriilz', 'Skusta Clee', 'Bosx1ne']",4,1QZdvj95M7yelAuCFkoJpB,TIKTOK OPM
4SFF8G6ChXamQ2lxcabDEd,Unreleased,46,312891,"['4sMPx4jHZiz0t9UgPsCnoF', '3xbpJdoJDLAfYn3ZeLlukg', '117XFtbZPnCI1EYKjYZWJc', '3PDFGpPl4ienSn5Vwisfrh']","['Kakaiboys', 'Bosx1ne', 'Skusta Clee', 'Flow G']",4,1QZdvj95M7yelAuCFkoJpB,TIKTOK OPM
72fNF3cEskOhW1sgg0igZ6,HBD (Birthday Mo),36,378666,"['1dpv0XBdgUa5z4vzn7ahIz', '2FvXtuMlYRrEkSF7kdAfFq', '5sMrFt1qsLWEzAS6q5z7zx', '117XFtbZPnCI1EYKjYZWJc', '24GNt8qmlsj3hwYgRgiTQ9']","['Donnalyn', 'Smugglaz', 'Zaito', 'Skusta Clee', 'Bassilyo']",5,1QZdvj95M7yelAuCFkoJpB,TIKTOK OPM
2ChNhxPNElIYwco8tzxD4u,Parokyana Beatbox,4,182088,3tZ0L4lq5uQ0hGtxLu7ZrU,krisostomo,1,1QZdvj95M7yelAuCFkoJpB,TIKTOK OPM
0Go1Yiv0iIjmckmoI6gqnG,"Simpleng Tao - From ""James and Pat and Dave",37,257009,3BdpcQRF27n7ZNSL386mNU,Zephanie,1,1QZdvj95M7yelAuCFkoJpB,TIKTOK OPM
1HZETd9DQYd2mIoXAK97x2,Goldigs (Masaya Na Ko),39,233781,2eFq1Ymf6ppzrdKxt0OpY4,Henyong Makata,1,1QZdvj95M7yelAuCFkoJpB,TIKTOK OPM
671suf2fwop4hOskg6wAoY,Ikaw Kase,50,390112,2iB7AJhJmkWkkehY9ccB0j,Ex Battalion,1,1QZdvj95M7yelAuCFkoJpB,TIKTOK OPM
5hnkbJ7dztkbgBmS1BbWhO,Dalaga - Stripped,0,303557,0WleeEe3UurwlNbDGhb5Yz,ALLMO$T,1,1QZdvj95M7yelAuCFkoJpB,TIKTOK OPM
5Ptw2wrwzIJauYhxQUaQK9,Trip Lang,44,182773,"['5GdspZ491zr64zzwVJJjJZ', '2wAySc3vvZHYYCbrmlpSAk']","['Shehyee', 'Sam Pinto']",2,1QZdvj95M7yelAuCFkoJpB,TIKTOK OPM
3Vgs7vderh6Ih8K42s3jnY,Miss Flawless,50,274000,"['3PDFGpPl4ienSn5Vwisfrh', '3xbpJdoJDLAfYn3ZeLlukg', '2ju5WPOa4B6YCMTqP2tzke']","['Flow G', 'Bosx1ne', 'Sachzna']",3,1QZdvj95M7yelAuCFkoJpB,TIKTOK OPM
2RgD3eO4IIGF16rR8Ch8OV,Hindi Na Nga,59,282442,5HIZU0JzM0AgfItVOm4E08,This Band,1,1QZdvj95M7yelAuCFkoJpB,TIKTOK OPM
2wZTwfWU6sd91TY8zXxzgH,Baka Di Tayo,52,288493,"['7tiYEpNsb7Jgby6NB6jKfh', '2vAW1NSpKkOBUVJUX9riJq', '0vnlHLhuS6vjChVQXgvPHw']","['Yayoi', 'Yosso', 'Lopau']",3,1QZdvj95M7yelAuCFkoJpB,TIKTOK OPM
44jJiCwGdnqqCkgqlvCIdp,Miloves (Otw Sayo),57,242844,71hhKLR9oCOsHLdRIoQ5OU,King Badger,1,1QZdvj95M7yelAuCFkoJpB,TIKTOK OPM
3a22L5P9cix1HFNzjb3SpB,Sulyap,62,255530,"['3r0NbTTxtCBUyxcIR4prXr', '0TlpoVBa03V0XNXBq7Gjrh', '1BRWy7wxFVAwIgkKSKv3mg']","['Jr Crown', 'Thome', 'Chris Line']",3,1QZdvj95M7yelAuCFkoJpB,TIKTOK OPM
0TsvuQ4VYlaaZpVq4yOEEk,Napagod Na,29,180585,"['5BkHauWjH56gTHp4gk2EBf', '1sh8HO1gMkNWA9aH28uDzA']","['Yakusaaa', 'NineFoe']",2,1QZdvj95M7yelAuCFkoJpB,TIKTOK OPM
3Qdnzb5cFjfFxgwQbLXCKM,Paligoy-ligoy,40,198533,17Do37U0HEbxu1tOrKH8dL,Nadine Lustre,1,1QZdvj95M7yelAuCFkoJpB,TIKTOK OPM
2YreeV0asmC6tgM4IH2g5F,Pangga,56,195186,"['1SrWbIDP84JcSDr0oTBAQw', '1IFBgp2dkXquUYSNEY6hK7']","['Matthaios', 'Soulthrll']",2,1QZdvj95M7yelAuCFkoJpB,TIKTOK OPM
5V8o0qxXDxhZZ2HfDlq9vd,Morena Girl,41,269387,"['05DD2jrwqfXiyDk3wDG8Yb', '6f1STBjUgGSACADpoynbc8']","['JustRap', 'Inza']",2,1QZdvj95M7yelAuCFkoJpB,TIKTOK OPM
3IxiZDn13d4jMLRgBBSLgH,Halo Halo,15,168364,"['0etbdwzpEQsBS8nzcs8hho', '52REqNdtIQAapIZ4WEwBVg']","['SB NewGen', 'Cursebox']",2,1QZdvj95M7yelAuCFkoJpB,TIKTOK OPM
1DtErFZ8cHNGUYg7IBjnqG,Dyosa,44,217973,3Lm6KZ2WWaRdUNneczEhp5,Yumi Lacsamana,1,1QZdvj95M7yelAuCFkoJpB,TIKTOK OPM
7bUvgvAf0tdQIty95lV5wf,Dance With You,71,244321,"['117XFtbZPnCI1EYKjYZWJc', '5xOvrnVpLjzfGi69GDlzQY']","['Skusta Clee', 'Yuridope']",2,1QZdvj95M7yelAuCFkoJpB,TIKTOK OPM
3ZoHHYydoQNWIKdP59knYA,Pajama Party,39,323476,"['1HkpK55jsORzgtOURbOeQH', '1kBeFZ3qUQxTi2H3OuECQQ', '1TiPIraQUT2F6712xJzKa4', '628sA5Y2q5paSlR7UeH8gq', '7ewhl7cUjURt6UhWMWvJBk', '2jquEtQTt24egI9P6t2MLD']","['1096 Gang', 'Guddhist', 'youngwise', 'Polo Pi', 'Ghetto Gecko', 'Luci J']",6,1QZdvj95M7yelAuCFkoJpB,TIKTOK OPM
3us3yACYidjyZwm9to0czY,Magandang Dilag,64,237818,"['2JyNzzFJh2wkkZo7ZjMSs2', '0rx2UZbWDlT7ODEHARgi1L']","['JM Bales', 'KVN']",2,1QZdvj95M7yelAuCFkoJpB,TIKTOK OPM
6xqUWUOWCiww4SxLG9CCGT,Gugmang Ga Aso-Aso,44,223047,0Of9D7A7yeMBccXYxLb3st,DJ Rowel,1,1QZdvj95M7yelAuCFkoJpB,TIKTOK OPM
6nIXSvAUG9QlwrUgllmXFJ,Ikaw Ra Gang,37,235116,0DBdeqMrwMOQtnVCswSYX6,Dj Rowel,1,1QZdvj95M7yelAuCFkoJpB,TIKTOK OPM
4lYh0Rtm45wdlwtjCPDgD6,Na-Akit,46,255399,2eFq1Ymf6ppzrdKxt0OpY4,Henyong Makata,1,1QZdvj95M7yelAuCFkoJpB,TIKTOK OPM
0knRQzgvbUed6K74mX81hG,Kabilang Buhay,64,325024,4slXciON4jYY6mqE9LjSFx,Bandang Lapis,1,1QZdvj95M7yelAuCFkoJpB,TIKTOK OPM
1pi3VCMlGVaXvrjlVOkBPN,KLWKN,67,256572,52gTrzyF0DyfkFl1DQz9Oq,Music Hero,1,1QZdvj95M7yelAuCFkoJpB,TIKTOK OPM
1ZVtBCjGpGmTLWyDn9AFc6,My Morena Girl,48,238320,1vvD9XGQVmNtKsyPW7TFcZ,Hey Joe Show,1,1QZdvj95M7yelAuCFkoJpB,TIKTOK OPM
6bMSUhAmaAGTb5RTTuzWE3,Simpleng Tao,59,244600,7HJDRQAfEcFiARVehhM6qD,Gloc 9,1,1QZdvj95M7yelAuCFkoJpB,TIKTOK OPM
3y9yjy3jfngNoC8WEZRtPS,Hinahanap Ng Puso,54,262560,"['7HJDRQAfEcFiARVehhM6qD', '5q1FQpCXqYWMsxJVF1GKOb']","['Gloc 9', 'Hannah Romawac']",2,1QZdvj95M7yelAuCFkoJpB,TIKTOK OPM
5WPhleIUVAgNVLBdD9Xa2m,Ginalingan,43,299242,2iB7AJhJmkWkkehY9ccB0j,Ex Battalion,1,1QZdvj95M7yelAuCFkoJpB,TIKTOK OPM
2FNlShWesN6X6LXVTbvk5t,Sasamahan Kita (Araw-Araw Ng Puso) [Part 2],57,284062,"['021sXp6RH5MQCCp2hmal6q', '4SQMBvQigFlMhmZit2xgcp', '0WleeEe3UurwlNbDGhb5Yz']","['Jom', 'Crakky', 'ALLMO$T']",3,1QZdvj95M7yelAuCFkoJpB,TIKTOK OPM
65da2sMuAyFZiBuw2uF36H,Sexing Maliit,53,273792,0WleeEe3UurwlNbDGhb5Yz,ALLMO$T,1,1QZdvj95M7yelAuCFkoJpB,TIKTOK OPM
5J0obeHgIFKkPiGBPTOqLw,Panalo (Trap Cari単osa),52,217414,1IQ4CjwKkdARjL5KtYiMt4,Ez Mil,1,1QZdvj95M7yelAuCFkoJpB,TIKTOK OPM
4Qs3DkTFVG1QiOwd0BUa9o,Wag Na Lang,64,232380,"['7dxr6AabRWhsfYRyVJlErK', '117XFtbZPnCI1EYKjYZWJc']","['MC Einstein', 'Skusta Clee']",2,1QZdvj95M7yelAuCFkoJpB,TIKTOK OPM
3rxNuBoZ8GNLwTrtJMuY66,Kahit Ganyan Ka,46,250028,"['3r0NbTTxtCBUyxcIR4prXr', '0TlpoVBa03V0XNXBq7Gjrh', '6EJq8HkmiNvcbGyKGNs43M']","['Jr Crown', 'Thome', 'Kath']",3,5BATIG992NXKfiNYaB3PDW,tiktok opm mashup
1HwqhHqR60FCREzLkpnhiQ,BamBamBam,49,211182,0touaoSr4QOLYxBJ9lmGgK,Karencitta,1,5BATIG992NXKfiNYaB3PDW,tiktok opm mashup
5jLUKFlEJzOf6b6PCaohFI,I Want You Back,56,265247,"['1SrWbIDP84JcSDr0oTBAQw', '3WyQJx169swY8v3htgAqaK']","['Matthaios', 'Calvin De Leon']",2,5BATIG992NXKfiNYaB3PDW,tiktok opm mashup
3BNwUaRo3w1teVSkd69sL8,Bounty,52,354087,2iB7AJhJmkWkkehY9ccB0j,Ex Battalion,1,5BATIG992NXKfiNYaB3PDW,tiktok opm mashup
3R6Hl2e7hAyCfofRRToKAo,Malayo Ka Man,63,254139,"['3r0NbTTxtCBUyxcIR4prXr', '6EJq8HkmiNvcbGyKGNs43M', '1mu7fvV0tXEx4O3NROKgze', '0lLCFkAncltHh96BcwLU0b']","['Jr Crown', 'Kath', 'Cyclone', 'Young Weezy']",4,5BATIG992NXKfiNYaB3PDW,tiktok opm mashup
3aycdSP3P2E7pb4piU4KqO,Pinagpalit,37,189440,3UQp19LiNZeaMJx97j9OlX,Macaulay Sulkin,1,5BATIG992NXKfiNYaB3PDW,tiktok opm mashup
5tdjElcAN1YEjY3ScjvN0Q,Sabi Ko Na Barbie,20,207307,3iw7qeDiWDu3nmXovY1EVS,Power Beats Club,1,5BATIG992NXKfiNYaB3PDW,tiktok opm mashup
4T7CM071eEoHudiDShZlCJ,Tala,59,245053,6aiCKnIN68hohzU3ZzNq48,Sarah Geronimo,1,5BATIG992NXKfiNYaB3PDW,tiktok opm mashup
1x7DysraeqSgVgj95hHc3U,Araw-Araw Love,61,211278,3PDFGpPl4ienSn5Vwisfrh,Flow G,1,5BATIG992NXKfiNYaB3PDW,tiktok opm mashup
4YMfE4r1JWADFw2Fn74XW2,Catriona,59,204512,1SrWbIDP84JcSDr0oTBAQw,Matthaios,1,5BATIG992NXKfiNYaB3PDW,tiktok opm mashup
54b8IPvheXDpro2VR2rWAS,Ivana,56,246550,2EGJbNf0Hva2C2N6hvhMXD,Soulstice,1,5BATIG992NXKfiNYaB3PDW,tiktok opm mashup
34ob61cxp34Sf7KHK6RnSU,Sa Susunod Na Lang,64,214606,"['0iqkVK6sTXi7DZWWOeKy8Q', '117XFtbZPnCI1EYKjYZWJc', '5YwlYklJ2Cq5PfTookf1o1']","['PDL', 'Skusta Clee', 'Yuri']",3,5BATIG992NXKfiNYaB3PDW,tiktok opm mashup
6BZLjTOKBPqhq4xpOLkjrp,Nandyan Agad Ako,56,240178,"['2iB7AJhJmkWkkehY9ccB0j', '06CagClkrklsRICDlnlSRw']","['Ex Battalion', 'Flow G']",2,5BATIG992NXKfiNYaB3PDW,tiktok opm mashup
7HgdhkoIft0UBatXbrLW51,Catching Feelings,57,159304,"['0XOSmu9Qn1agQULUVe0dAK', '3HaL9ONkedXrAybTHYA3w1']","['Inigo Pascual', 'Moophs']",2,5BATIG992NXKfiNYaB3PDW,tiktok opm mashup
0G5qmu4TsdUH19zdcbI9Ui,Vibe With Me,58,139180,"['1SrWbIDP84JcSDr0oTBAQw', '2qm7ZmuzLVRcaQgeYxXZdT']","['Matthaios', 'Lonezo']",2,5BATIG992NXKfiNYaB3PDW,tiktok opm mashup
0dXNdqwr95JqHfNV5r0yo5,Pia,22,223800,"['1My8k9XMR2leufMP9LPNmT', '49By2rPqqs52p1PR07Qcg5', '45fHsZfE2Sp1vDI1uA4CvW']","['BLYMLDT', 'ANGELO', 'BRYC']",3,5BATIG992NXKfiNYaB3PDW,tiktok opm mashup
1hIqfuatTJEsjWfPOQ3dYp,Pag Tumingin Ka Akin Ka,42,227977,"['11VAw1gSlLWsc2RS9UcyHk', '7tiYEpNsb7Jgby6NB6jKfh', '0pUx4FLdw1NRqux4Yxj0ri']","['Princess Thea', 'Yayoi', 'Still One']",3,5BATIG992NXKfiNYaB3PDW,tiktok opm mashup
6IdEQ3HUseBeRUYFSzSMdL,Zebbiana,62,304664,117XFtbZPnCI1EYKjYZWJc,Skusta Clee,1,5BATIG992NXKfiNYaB3PDW,tiktok opm mashup
0BaMZMMEG7GWrUYsoGw8Yg,Neneng B,4,358015,"['3lFMRWaEWZlfXdBig97kks', '3j68amnROqGZ0rCSiwuKUF']","['Nik Makino', 'Raf Davis']",2,5BATIG992NXKfiNYaB3PDW,tiktok opm mashup
3iZB3VUDerY5P96rhBKwKr,Dalaga,55,192940,0YrWkiT8pKvEu71t5Yllj7,Arvey,1,5BATIG992NXKfiNYaB3PDW,tiktok opm mashup
2mwd0LWLBgtQBEOLG96nbU,Bagay Tayo,58,397033,0WleeEe3UurwlNbDGhb5Yz,ALLMO$T,1,5BATIG992NXKfiNYaB3PDW,tiktok opm mashup
13pv5UWJttg8NNplCaaOYh,Binibini,57,137717,"['1SrWbIDP84JcSDr0oTBAQw', '3WyQJx169swY8v3htgAqaK']","['Matthaios', 'Calvin De Leon']",2,5BATIG992NXKfiNYaB3PDW,tiktok opm mashup
0yRXPoZx4gkGUYDqNwEGOM,Marikit,0,263333,"['6kyw9sh7ryjy1GQdPYH3Yd', '1EMaB1ZnRpeXWruJZMtaUa']","['Juan Caoile', 'Kyleswish']",2,5BATIG992NXKfiNYaB3PDW,tiktok opm mashup
47UUjZbqZjcrzELnFBB1Ht,Teka Lang,64,196582,3FwNjtXQCdxpDOXmgJQGnG,Emman,1,5BATIG992NXKfiNYaB3PDW,tiktok opm mashup
1pi3VCMlGVaXvrjlVOkBPN,KLWKN,67,256572,52gTrzyF0DyfkFl1DQz9Oq,Music Hero,1,5BATIG992NXKfiNYaB3PDW,tiktok opm mashup
1k2sk3NuZxy06Os3KTAnA2,Walwal,55,414647,"['2OYCiru0FZMaAXWn6eL7MA', '3lFMRWaEWZlfXdBig97kks', '7bMHwS8vf8VvdZ0n9HPfQV', '060TqET6tyyfAQLXDyIDD8', '1aX2KW8DGkWYfZlGiaLdbH']","['VVS Collective', 'Nik Makino', 'Renzy', 'Raf Davis', 'M$TRYO']",5,5BATIG992NXKfiNYaB3PDW,tiktok opm mashup
6VpGTmhXbWvwyprnVNdP3Q,Need You,0,358791,"['3ISv345HfAIammuK1pVV9d', '6J2r6nmrmLiyrMauQjurZW', '0ZzTFx7mCJrPoPK67MHEiR']","['Muffin', 'Ex Battalion', 'O.C. Dawgs']",3,5BATIG992NXKfiNYaB3PDW,tiktok opm mashup
2tzAN1L07SNwnOdgOEeuQr,Pauwi Nako,62,341573,"['0iqkVK6sTXi7DZWWOeKy8Q', '117XFtbZPnCI1EYKjYZWJc', '0uD1WQbTE0pNDiJe0iGEaU', '5MfvrLwRcs98YwS3C9Uf1u', '5xOvrnVpLjzfGi69GDlzQY', '3PDFGpPl4ienSn5Vwisfrh']","['PDL', 'Skusta Clee', 'Jnske', 'Bullet D', 'Yuridope', 'Flow G']",6,5BATIG992NXKfiNYaB3PDW,tiktok opm mashup
37hmZirFpkUcMNlkf5i60r,O Pag-ibig,36,217453,"['69ug07KFFRhcCZ7iZ1Mn1i', '2qnQOnL1oLKtH779qZ6iuR']","['Bailey May', 'Ylona Garcia']",2,5BATIG992NXKfiNYaB3PDW,tiktok opm mashup
6s98WLEW9A7j9vMXCXeRx7,Biglang Liko,24,253000,"['6eGQ0qPUlGBjmRgyQ84g3f', '7CUr4IIEAbSm9HTIDm8R1K']","['Ron Henley', 'Pow Chavez']",2,5BATIG992NXKfiNYaB3PDW,tiktok opm mashup
0BkKdJSpKqzYLEneerSHq3,Mau,52,267013,6ogIjp0fsbUxlqy9q2rvrT,Shanti Dope,1,5BATIG992NXKfiNYaB3PDW,tiktok opm mashup
2aJ6HclWuCI2lx9m7QBqCJ,Nakakamiss,52,307252,"['2FvXtuMlYRrEkSF7kdAfFq', '5ARszAxExBCstgC0cLXK4J', '1H7jRjl9QdKfOWU47YAD3V', '4K7jEoIMJx2MpmgivAbJsS']","['Smugglaz', 'Curse One', 'Dello', 'Flict G']",4,5BATIG992NXKfiNYaB3PDW,tiktok opm mashup
0HYmOF3tCkYejosr1HTMhV,Filipina Girl,0,216415,"['43CiK1548VVp2DT95joswS', '63mE8E2Q1P6J5ibuqE2Kau', '24fEOzlKhgSNLIcy9NdmwH']","['Billy Crawford', 'Marcus Davis', 'James Reid']",3,5BATIG992NXKfiNYaB3PDW,tiktok opm mashup
0jfW1sHHxfinhSluUi200e,Kinikilig,41,225601,1IJ4wDIUWLb0XLmPN79SDj,Hazel Faith,1,5BATIG992NXKfiNYaB3PDW,tiktok opm mashup
47UUjZbqZjcrzELnFBB1Ht,Teka Lang,64,196582,3FwNjtXQCdxpDOXmgJQGnG,Emman,1,5BATIG992NXKfiNYaB3PDW,tiktok opm mashup
6LJ1p1h5EcMK4VPeCLDSoF,Nadarang,59,232960,6ogIjp0fsbUxlqy9q2rvrT,Shanti Dope,1,5BATIG992NXKfiNYaB3PDW,tiktok opm mashup
2kRjoaqiyeS0Faus5wKztH,Ikaw Lang,62,241658,6gcteR920pLEynlHzjSRYd,Kiyo,1,5BATIG992NXKfiNYaB3PDW,tiktok opm mashup
5dE2M9Q15O1JMeOODNNgIm,"Bat Ngayon?, Pt.1",31,217286,6vCnF48qqPHgVMBEvcbgkU,CLR,1,5BATIG992NXKfiNYaB3PDW,tiktok opm mashup
6r7sdXUiKjgEx3I8GQRpSq,Chinita Girl,57,238859,"['7Dhd8nNMvFdye1R3Y8wE6C', '4CXLeb01RHMHdXyUQT84M8']","['Lil Vinceyy', 'Guel']",2,5BATIG992NXKfiNYaB3PDW,tiktok opm mashup
69Ym47oc2XjOy700ISvUNL,Love,52,216946,1juIpte4oHJ5ngVLPTUPuJ,Justin Vasquez,1,5BATIG992NXKfiNYaB3PDW,tiktok opm mashup
4lYh0Rtm45wdlwtjCPDgD6,Na-Akit,46,255399,2eFq1Ymf6ppzrdKxt0OpY4,Henyong Makata,1,5BATIG992NXKfiNYaB3PDW,tiktok opm mashup
1xQ6trAsedVPCdbtDAmk0c,Savage Love (Laxed - Siren Beat),85,171374,"['56mfhUDKa1vec6rSLZV5Eg', '07YZf4WDAMNwqr4jfgOZ8y']","['Jawsh 685', 'Jason Derulo']",2,5BATIG992NXKfiNYaB3PDW,tiktok opm mashup
6UQ2RdJlPpTEWf79SiBlud,Tinotoyo,51,270842,"['3r0NbTTxtCBUyxcIR4prXr', '0TlpoVBa03V0XNXBq7Gjrh', '141ZQ4nlfc0tiPJr5aKldm']","['Jr Crown', 'Thome', 'Bomb D']",3,5BATIG992NXKfiNYaB3PDW,tiktok opm mashup
5FPcHCTDsdfrU8SVeXoxyS,Dito Ka Lang,29,253341,"['45GqSja1kI92nc4BKJa9qz', '193Pn4VX0WpjO1Y0DF5tYK']","['Cash Koo', 'Pk Dice']",2,5BATIG992NXKfiNYaB3PDW,tiktok opm mashup
5sLGYJOhLP197nmkaRMMEH,Ngayong Gabi,57,267456,2G7VQ1kVhVfNagytlousgm,Al James,1,5BATIG992NXKfiNYaB3PDW,tiktok opm mashup
7HInAqptuH6G86hfYgez9g,Dulo,0,228038,"['0WleeEe3UurwlNbDGhb5Yz', '3HasgIoeo67ahsXOgOguiJ', '021sXp6RH5MQCCp2hmal6q', '4KJaRpxinPqfXjN3s4G4vX']","['ALLMO$T', 'Crakky', 'Jom', 'Clien']",4,5BATIG992NXKfiNYaB3PDW,tiktok opm mashup
1Xg76rrdXgjYcg8sHRjr3W,Pinay Na Sobrang Fine,50,219850,3Ly8yKs8JYWtEURid2w3Mw,Kyle Zagado,1,5BATIG992NXKfiNYaB3PDW,tiktok opm mashup
1ySFQKpX0WyhwFTGxB0ASQ,Fuck Buddy (feat. Skusta Clee),0,235592,"['2iB7AJhJmkWkkehY9ccB0j', '3xbpJdoJDLAfYn3ZeLlukg', '117XFtbZPnCI1EYKjYZWJc']","['Ex Battalion', 'Bosx1ne', 'Skusta Clee']",3,5BATIG992NXKfiNYaB3PDW,tiktok opm mashup
3sWLOFGI7dNN6YBM1m1RKB,Miracle Nights,60,374117,"['0WleeEe3UurwlNbDGhb5Yz', '58DoiT68nhZoGfdiIZiiUw', '4mHU0bUvlVfiq0oarPYlAn']","['ALLMO$T', 'L.A. GOON$', 'Peso Mercado']",3,5BATIG992NXKfiNYaB3PDW,tiktok opm mashup
1x8pFCRfBnDqckyB6mlZci,Titig,64,259114,"['7dxr6AabRWhsfYRyVJlErK', '3PDFGpPl4ienSn5Vwisfrh', '7ypt5Qvb2h6rIahhfls05p', '5xOvrnVpLjzfGi69GDlzQY']","['MC Einstein', 'Flow G', 'Jekkpot', 'Yuridope']",4,5BATIG992NXKfiNYaB3PDW,tiktok opm mashup
7xJ3VASYirHyuTpxDvTVbV,Maikee's Letters,59,300893,3KovZIDNYgQY8chiNZo2ZF,Just Hush,1,5BATIG992NXKfiNYaB3PDW,tiktok opm mashup
5LZqOdfYUXunyhHmPqGI6j,Lexi,4,229067,3lFMRWaEWZlfXdBig97kks,Nik Makino,1,5BATIG992NXKfiNYaB3PDW,tiktok opm mashup
47UUjZbqZjcrzELnFBB1Ht,Teka Lang,64,196582,3FwNjtXQCdxpDOXmgJQGnG,Emman,1,5BATIG992NXKfiNYaB3PDW,tiktok opm mashup
42pSuQfjbOQ63EoBjEjWQQ,Di Ako Fuckboy (feat. Agsunta),50,271123,"['2U5mF0PZqGu6glnz55yY0y', '3uWiJPiieoALNDN6Ak3jtd', '2UeuiDT17tm6ljs9D4bSMX']","['John Roa', 'Emcee Rhenn', 'Agsunta']",3,5BATIG992NXKfiNYaB3PDW,tiktok opm mashup
6jZBYN0CFwshqb6i3m4HOL,Rawstarr 'Til I Die,46,241423,1d8sE3eKAsuUHShVmIwK6d,Psychedelic Boyz,1,5BATIG992NXKfiNYaB3PDW,tiktok opm mashup
2aoiMd5FGyG5NfVDdiwjuM,Akala Ko Nung Una (feat. Future Thug),54,301388,"['00xU4wfephkJrjwJPDvfkf', '76NxcmJ0WRPzIP6CSn4Ccu']","['O.C. Dawgs', 'Future Thug']",2,5BATIG992NXKfiNYaB3PDW,tiktok opm mashup
6Fh0xf6gIgBJ5FyjAZmmI8,LATINA,54,211406,2G7VQ1kVhVfNagytlousgm,Al James,1,5BATIG992NXKfiNYaB3PDW,tiktok opm mashup
2xJlJ7vhnt8yBfA4vwcwZW,Pakinabang,48,430349,2iB7AJhJmkWkkehY9ccB0j,Ex Battalion,1,5BATIG992NXKfiNYaB3PDW,tiktok opm mashup
2tzAN1L07SNwnOdgOEeuQr,Pauwi Nako,62,341573,"['0iqkVK6sTXi7DZWWOeKy8Q', '117XFtbZPnCI1EYKjYZWJc', '0uD1WQbTE0pNDiJe0iGEaU', '5MfvrLwRcs98YwS3C9Uf1u', '5xOvrnVpLjzfGi69GDlzQY', '3PDFGpPl4ienSn5Vwisfrh']","['PDL', 'Skusta Clee', 'Jnske', 'Bullet D', 'Yuridope', 'Flow G']",6,5BATIG992NXKfiNYaB3PDW,tiktok opm mashup
6X7eJp4lv4ZeTkWor2wHLz,Shantidope,52,211146,"['6ogIjp0fsbUxlqy9q2rvrT', '7HJDRQAfEcFiARVehhM6qD']","['Shanti Dope', 'Gloc 9']",2,5BATIG992NXKfiNYaB3PDW,tiktok opm mashup
3R6Hl2e7hAyCfofRRToKAo,Malayo Ka Man,63,254139,"['3r0NbTTxtCBUyxcIR4prXr', '6EJq8HkmiNvcbGyKGNs43M', '1mu7fvV0tXEx4O3NROKgze', '0lLCFkAncltHh96BcwLU0b']","['Jr Crown', 'Kath', 'Cyclone', 'Young Weezy']",4,5BATIG992NXKfiNYaB3PDW,tiktok opm mashup
3Vgs7vderh6Ih8K42s3jnY,Miss Flawless,50,274000,"['3PDFGpPl4ienSn5Vwisfrh', '3xbpJdoJDLAfYn3ZeLlukg', '2ju5WPOa4B6YCMTqP2tzke']","['Flow G', 'Bosx1ne', 'Sachzna']",3,5BATIG992NXKfiNYaB3PDW,tiktok opm mashup
3ydNaTFEI8ddeLU2L3Q9lp,Ingatan Mo,53,268993,"['7tiYEpNsb7Jgby6NB6jKfh', '7CcyOtMrpZtVEI0xomZNTc', '2nVxH6zR4DQKmJp7d28yLM']","['Yayoi', 'Serjo', 'JDK']",3,5BATIG992NXKfiNYaB3PDW,tiktok opm mashup
4PV0uE5pZSh44E3NqNNDEH,Selfish,73,223270,2kRfqPViCqYdSGhYSM9R0Q,Madison Beer,1,5BATIG992NXKfiNYaB3PDW,tiktok opm mashup
6J2LdBN97cDWn0MLxYh9HB,July,83,156106,55fhWPvDiMpLnE4ZzNXZyW,Noah Cyrus,1,5BATIG992NXKfiNYaB3PDW,tiktok opm mashup
7AFASza1mXqntmGtbxXprO,changes,82,121886,15UsOTVnJzReFVN1VCnxy4,XXXTENTACION,1,5BATIG992NXKfiNYaB3PDW,tiktok opm mashup
3MjUtNVVq3C8Fn0MP3zhXa,...Baby One More Time,79,211066,26dSoYclwsYLMAKD3tpOr4,Britney Spears,1,5BATIG992NXKfiNYaB3PDW,tiktok opm mashup
6IIl4ylgYX3tnNlaU3IMRN,Mamma Mia - From 'Mamma Mia!' Original Motion Picture Soundtrack,0,214906,2HB65P72dFRiOKvbLLcil2,Meryl Streep,1,5BATIG992NXKfiNYaB3PDW,tiktok opm mashup
285hMzLhJwHVLe9QT9qilk,Breakeven,74,261426,3AQRLZ9PuTAozP28Skbq8V,The Script,1,5BATIG992NXKfiNYaB3PDW,tiktok opm mashup
75JFxkI2RXiU7L9VXzMkle,The Scientist,83,309600,4gzpq5DPGxSnKTe4SA8HAU,Coldplay,1,5BATIG992NXKfiNYaB3PDW,tiktok opm mashup
2Vq4bs08YppE2hqA2vpEcr,The Man Who Can't Be Moved,56,241466,3AQRLZ9PuTAozP28Skbq8V,The Script,1,5BATIG992NXKfiNYaB3PDW,tiktok opm mashup
5Q0Nhxo0l2bP3pNjpGJwV1,Party In The U.S.A.,74,202066,5YGY8feqx7naU7z4HrwZM6,Miley Cyrus,1,5BATIG992NXKfiNYaB3PDW,tiktok opm mashup
3TGRqZ0a2l1LRblBkJoaDx,Call Me Maybe,71,193400,6sFIWsNpZYqfjUpaCgueju,Carly Rae Jepsen,1,5BATIG992NXKfiNYaB3PDW,tiktok opm mashup
72gv4zhNvRVdQA0eOenCal,Symphony (feat. Zara Larsson),74,212733,"['6MDME20pz9RveH9rEXvrOM', '1Xylc3o4UrD53lo9CvFvVg']","['Clean Bandit', 'Zara Larsson']",2,5BATIG992NXKfiNYaB3PDW,tiktok opm mashup
3DmW6y7wTEYHJZlLo1r6XJ,Shower,80,206166,4obzFoKoKRHIphyHzJ35G3,Becky G,1,5BATIG992NXKfiNYaB3PDW,tiktok opm mashup
5uImkHXfTLkNYwemtGH7kB,We Found Love,0,215226,"['5pKCCKE2ajJHZ9KAiaK11H', '7CajNmpbOovFoOoasH2HaY']","['Rihanna', 'Calvin Harris']",2,5BATIG992NXKfiNYaB3PDW,tiktok opm mashup
3bidbhpOYeV4knp8AIu8Xn,Can't Hold Us - feat. Ray Dalton,84,258342,5BcAKTbp20cv7tC5VqPFoC,Macklemore & Ryan Lewis,1,5BATIG992NXKfiNYaB3PDW,tiktok opm mashup
5WQ1hIc5d2EVbRQ8qsj8Uh,Hey Ya! - Radio Mix / Club Mix,1,235213,1G9G7WwrXka3Z1r7aIDjI7,Outkast,1,5BATIG992NXKfiNYaB3PDW,tiktok opm mashup
6e8Ou0wiqAzIpWb2eSxll8,Miami,71,197560,41qil2VaGbD194gaEcmmyx,Will Smith,1,5BATIG992NXKfiNYaB3PDW,tiktok opm mashup
5HQVUIKwCEXpe7JIHyY734,"Young, Wild & Free (feat. Bruno Mars)",78,207333,"['7hJcb9fa4alzcOq3EaNPoG', '137W8MRPWKqSmrBGDBFSop', '0du5cEVh5yTK9QJze8zA0C']","['Snoop Dogg', 'Wiz Khalifa', 'Bruno Mars']",3,5BATIG992NXKfiNYaB3PDW,tiktok opm mashup
1hGy2eLcmC8eKx7qr1tOqx,Beautiful Girls,78,225373,6S0dmVVn4udvppDhZIWxCr,Sean Kingston,1,5BATIG992NXKfiNYaB3PDW,tiktok opm mashup
6HTJZ0TQJVMSKkUGzAOe2h,Old Thing Back (feat. Ja Rule and Ralph Tresvant),70,321649,"['4YXycRbyyAE0wozTk7QMEq', '5me0Irg2ANcsgc93uaYrpb', '1J2VVASYAamtQ3Bt8wGgA6', '6MLDcHrNh4OqxDZAjMt5pt']","['Matoma', 'The Notorious B.I.G.', 'Ja Rule', 'Ralph Tresvant']",4,5BATIG992NXKfiNYaB3PDW,tiktok opm mashup
0P6AWOA4LG1XOctzaVu5tt,The Weekend - Funk Wav Remix,76,171805,"['7tYKF4w9nC0nq9CsPZTHyP', '7CajNmpbOovFoOoasH2HaY', '4A0TivfinfALCAMJqqjZIk']","['SZA', 'Calvin Harris', 'Funk Wav']",3,5BATIG992NXKfiNYaB3PDW,tiktok opm mashup
5i66xrvSh1MjjyDd6zcwgj,Umbrella,64,275986,"['5pKCCKE2ajJHZ9KAiaK11H', '3nFkdlSjzX9mRTtwJOzDYB']","['Rihanna', 'JAY-Z']",2,5BATIG992NXKfiNYaB3PDW,tiktok opm mashup
3us3yACYidjyZwm9to0czY,Magandang Dilag,64,237818,"['2JyNzzFJh2wkkZo7ZjMSs2', '0rx2UZbWDlT7ODEHARgi1L']","['JM Bales', 'KVN']",2,2oDXkRIeyB237FujIyGVFX,Tiktok OPM
4nd9cEo5R4jGNcgPHDm7Ar,Marikit,62,263348,"['6kyw9sh7ryjy1GQdPYH3Yd', '1EMaB1ZnRpeXWruJZMtaUa']","['Juan Caoile', 'Kyleswish']",2,2oDXkRIeyB237FujIyGVFX,Tiktok OPM
6r7sdXUiKjgEx3I8GQRpSq,Chinita Girl,57,238859,"['7Dhd8nNMvFdye1R3Y8wE6C', '4CXLeb01RHMHdXyUQT84M8']","['Lil Vinceyy', 'Guel']",2,2oDXkRIeyB237FujIyGVFX,Tiktok OPM
6s98WLEW9A7j9vMXCXeRx7,Biglang Liko,24,253000,"['6eGQ0qPUlGBjmRgyQ84g3f', '7CUr4IIEAbSm9HTIDm8R1K']","['Ron Henley', 'Pow Chavez']",2,2oDXkRIeyB237FujIyGVFX,Tiktok OPM
0nX6ncNGxaQ6FuMjhdre5Z,Tahong Ni Karla,43,280346,"['25p1uAURmIM9Fvf8sBeZ7z', '71XrGUzaePYsgB3WvVBAPV']","['DJ Red Core', 'Ivor']",2,2oDXkRIeyB237FujIyGVFX,Tiktok OPM
4G7uzhxgKFBCJApBpuuBgU,Kabet,2,318040,"['3ID2V4b0oGSEbwPENAsdbG', '1wdkbIM3oqP1nNLYEoPzG6']","['Gagong Rapper', 'Mz. Kyla']",2,2oDXkRIeyB237FujIyGVFX,Tiktok OPM
1GRL6bAJi2kFxqYkGgyOo5,Kikay,36,230506,0JJ5TK4o8IGxYub8jXrxwW,Viva Hot Babes,1,2oDXkRIeyB237FujIyGVFX,Tiktok OPM
4YMfE4r1JWADFw2Fn74XW2,Catriona,59,204512,1SrWbIDP84JcSDr0oTBAQw,Matthaios,1,2oDXkRIeyB237FujIyGVFX,Tiktok OPM
0BkKdJSpKqzYLEneerSHq3,Mau,52,267013,6ogIjp0fsbUxlqy9q2rvrT,Shanti Dope,1,2oDXkRIeyB237FujIyGVFX,Tiktok OPM
4SJqmUafhrk16PTRIZAOfI,Bagay Tayo,0,397033,0WleeEe3UurwlNbDGhb5Yz,ALLMO$T,1,2oDXkRIeyB237FujIyGVFX,Tiktok OPM
30iCOQtdPbUTUGl9dpVZ2J,Ganda Mo,41,285594,4XgWAOxOyEes5P475qx9u5,Cue C,1,2oDXkRIeyB237FujIyGVFX,Tiktok OPM
6fWTVk29yvFEqE5VY6Gslk,Dalaga,0,297966,0WleeEe3UurwlNbDGhb5Yz,ALLMO$T,1,2oDXkRIeyB237FujIyGVFX,Tiktok OPM
2tzAN1L07SNwnOdgOEeuQr,Pauwi Nako,62,341573,"['0iqkVK6sTXi7DZWWOeKy8Q', '117XFtbZPnCI1EYKjYZWJc', '0uD1WQbTE0pNDiJe0iGEaU', '5MfvrLwRcs98YwS3C9Uf1u', '5xOvrnVpLjzfGi69GDlzQY', '3PDFGpPl4ienSn5Vwisfrh']","['PDL', 'Skusta Clee', 'Jnske', 'Bullet D', 'Yuridope', 'Flow G']",6,2oDXkRIeyB237FujIyGVFX,Tiktok OPM
2aoiMd5FGyG5NfVDdiwjuM,Akala Ko Nung Una (feat. Future Thug),54,301388,"['00xU4wfephkJrjwJPDvfkf', '76NxcmJ0WRPzIP6CSn4Ccu']","['O.C. Dawgs', 'Future Thug']",2,2oDXkRIeyB237FujIyGVFX,Tiktok OPM
6nwbeeIRFElLBAUsao67WF,Venus,16,323720,"['6eGQ0qPUlGBjmRgyQ84g3f', '1O5apWv8xRb6YbHu7E0Tu6']","['Ron Henley', 'Yumi']",2,2oDXkRIeyB237FujIyGVFX,Tiktok OPM
7L97IYrrPoodGNTs5cKU7E,Kiat Jud Dong,36,257201,25p1uAURmIM9Fvf8sBeZ7z,DJ Red Core,1,2oDXkRIeyB237FujIyGVFX,Tiktok OPM
3ZoHHYydoQNWIKdP59knYA,Pajama Party,39,323476,"['1HkpK55jsORzgtOURbOeQH', '1kBeFZ3qUQxTi2H3OuECQQ', '1TiPIraQUT2F6712xJzKa4', '628sA5Y2q5paSlR7UeH8gq', '7ewhl7cUjURt6UhWMWvJBk', '2jquEtQTt24egI9P6t2MLD']","['1096 Gang', 'Guddhist', 'youngwise', 'Polo Pi', 'Ghetto Gecko', 'Luci J']",6,2oDXkRIeyB237FujIyGVFX,Tiktok OPM
3aycdSP3P2E7pb4piU4KqO,Pinagpalit,37,189440,3UQp19LiNZeaMJx97j9OlX,Macaulay Sulkin,1,2oDXkRIeyB237FujIyGVFX,Tiktok OPM
3a22L5P9cix1HFNzjb3SpB,Sulyap,62,255530,"['3r0NbTTxtCBUyxcIR4prXr', '0TlpoVBa03V0XNXBq7Gjrh', '1BRWy7wxFVAwIgkKSKv3mg']","['Jr Crown', 'Thome', 'Chris Line']",3,2oDXkRIeyB237FujIyGVFX,Tiktok OPM
7bUvgvAf0tdQIty95lV5wf,Dance With You,71,244321,"['117XFtbZPnCI1EYKjYZWJc', '5xOvrnVpLjzfGi69GDlzQY']","['Skusta Clee', 'Yuridope']",2,2oDXkRIeyB237FujIyGVFX,Tiktok OPM
1hIqfuatTJEsjWfPOQ3dYp,Pag Tumingin Ka Akin Ka,42,227977,"['11VAw1gSlLWsc2RS9UcyHk', '7tiYEpNsb7Jgby6NB6jKfh', '0pUx4FLdw1NRqux4Yxj0ri']","['Princess Thea', 'Yayoi', 'Still One']",3,2oDXkRIeyB237FujIyGVFX,Tiktok OPM
54b8IPvheXDpro2VR2rWAS,Ivana,56,246550,2EGJbNf0Hva2C2N6hvhMXD,Soulstice,1,2oDXkRIeyB237FujIyGVFX,Tiktok OPM
2oX05W6LxDNAUidLwUhmZT,Baby Ko Si Kulot,51,245280,"['2FGYJ3WqsLqkv65pO5NYYQ', '7zCGEvHHXdsmKV7CwFHzYq', '61KGrI8dADQ37fbRkspJXC']","['Guthrie Nikolao', 'Benidic Fragata II', 'JEN RICK MENDOZA']",3,2oDXkRIeyB237FujIyGVFX,Tiktok OPM
6IdEQ3HUseBeRUYFSzSMdL,Zebbiana,62,304664,117XFtbZPnCI1EYKjYZWJc,Skusta Clee,1,2oDXkRIeyB237FujIyGVFX,Tiktok OPM
3E5CIRWsRgJF2CtTqPNwv3,Neneng B,55,358015,"['3lFMRWaEWZlfXdBig97kks', '060TqET6tyyfAQLXDyIDD8']","['Nik Makino', 'Raf Davis']",2,2oDXkRIeyB237FujIyGVFX,Tiktok OPM
5OSKhv2UWoy8aqQ2tkaTHd,Shoot-Shoot,53,318960,6TcTgRYJBQzadIFeXXWA3I,Andrew E.,1,2oDXkRIeyB237FujIyGVFX,Tiktok OPM
3uoEsMvgRoJH5zhuRyKWRy,Sinabmarin,49,317640,6TcTgRYJBQzadIFeXXWA3I,Andrew E.,1,2oDXkRIeyB237FujIyGVFX,Tiktok OPM
7oAWVjyYupPLseK0AxpUH2,Stupid Love performed by Salbakutah,0,324586,6TcTgRYJBQzadIFeXXWA3I,Andrew E.,1,2oDXkRIeyB237FujIyGVFX,Tiktok OPM
6xvL0d8T7T9QXjkgtl1A2W,"My Banyo Queen (ah-ah, umh-umh) featuring: Rica Peralejo",0,350853,6TcTgRYJBQzadIFeXXWA3I,Andrew E.,1,2oDXkRIeyB237FujIyGVFX,Tiktok OPM
3R6Hl2e7hAyCfofRRToKAo,Malayo Ka Man,63,254139,"['3r0NbTTxtCBUyxcIR4prXr', '6EJq8HkmiNvcbGyKGNs43M', '1mu7fvV0tXEx4O3NROKgze', '0lLCFkAncltHh96BcwLU0b']","['Jr Crown', 'Kath', 'Cyclone', 'Young Weezy']",4,4XldU13efxFY9Vo5uQzUiI,Tiktok OPM
3rxNuBoZ8GNLwTrtJMuY66,Kahit Ganyan Ka,46,250028,"['3r0NbTTxtCBUyxcIR4prXr', '0TlpoVBa03V0XNXBq7Gjrh', '6EJq8HkmiNvcbGyKGNs43M']","['Jr Crown', 'Thome', 'Kath']",3,4XldU13efxFY9Vo5uQzUiI,Tiktok OPM
6n5ejwYGkCRimsj1anvShG,Larawan (feat. Flow G),55,338558,"['2U5mF0PZqGu6glnz55yY0y', '3PDFGpPl4ienSn5Vwisfrh']","['John Roa', 'Flow G']",2,4XldU13efxFY9Vo5uQzUiI,Tiktok OPM
6r7sdXUiKjgEx3I8GQRpSq,Chinita Girl,57,238859,"['7Dhd8nNMvFdye1R3Y8wE6C', '4CXLeb01RHMHdXyUQT84M8']","['Lil Vinceyy', 'Guel']",2,4XldU13efxFY9Vo5uQzUiI,Tiktok OPM
3ydNaTFEI8ddeLU2L3Q9lp,Ingatan Mo,53,268993,"['7tiYEpNsb7Jgby6NB6jKfh', '7CcyOtMrpZtVEI0xomZNTc', '2nVxH6zR4DQKmJp7d28yLM']","['Yayoi', 'Serjo', 'JDK']",3,4XldU13efxFY9Vo5uQzUiI,Tiktok OPM
3a22L5P9cix1HFNzjb3SpB,Sulyap,62,255530,"['3r0NbTTxtCBUyxcIR4prXr', '0TlpoVBa03V0XNXBq7Gjrh', '1BRWy7wxFVAwIgkKSKv3mg']","['Jr Crown', 'Thome', 'Chris Line']",3,4XldU13efxFY9Vo5uQzUiI,Tiktok OPM
4Aor9l4tiok1Llkbu0vREb,Puhon,55,240167,7LvDTuFCBv08xm6u1pOMK0,TJ Monterde,1,4XldU13efxFY9Vo5uQzUiI,Tiktok OPM
4nd9cEo5R4jGNcgPHDm7Ar,Marikit,62,263348,"['6kyw9sh7ryjy1GQdPYH3Yd', '1EMaB1ZnRpeXWruJZMtaUa']","['Juan Caoile', 'Kyleswish']",2,4XldU13efxFY9Vo5uQzUiI,Tiktok OPM
34ob61cxp34Sf7KHK6RnSU,Sa Susunod Na Lang,64,214606,"['0iqkVK6sTXi7DZWWOeKy8Q', '117XFtbZPnCI1EYKjYZWJc', '5YwlYklJ2Cq5PfTookf1o1']","['PDL', 'Skusta Clee', 'Yuri']",3,4XldU13efxFY9Vo5uQzUiI,Tiktok OPM
2wZTwfWU6sd91TY8zXxzgH,Baka Di Tayo,52,288493,"['7tiYEpNsb7Jgby6NB6jKfh', '2vAW1NSpKkOBUVJUX9riJq', '0vnlHLhuS6vjChVQXgvPHw']","['Yayoi', 'Yosso', 'Lopau']",3,4XldU13efxFY9Vo5uQzUiI,Tiktok OPM
5MLHrfkkG63uju6aSRXV5t,Happy Break Up,0,238280,1dpv0XBdgUa5z4vzn7ahIz,Donnalyn,1,4XldU13efxFY9Vo5uQzUiI,Tiktok OPM
3o2i5lJIHshmbL62vSzVMv,Nararahuyo,53,156923,"['1SrWbIDP84JcSDr0oTBAQw', '5IBvcnaqYrSaeyM0q6sHuf']","['Matthaios', 'Dudut']",2,4XldU13efxFY9Vo5uQzUiI,Tiktok OPM
1DtErFZ8cHNGUYg7IBjnqG,Dyosa,44,217973,3Lm6KZ2WWaRdUNneczEhp5,Yumi Lacsamana,1,4XldU13efxFY9Vo5uQzUiI,Tiktok OPM
3us3yACYidjyZwm9to0czY,Magandang Dilag,64,237818,"['2JyNzzFJh2wkkZo7ZjMSs2', '0rx2UZbWDlT7ODEHARgi1L']","['JM Bales', 'KVN']",2,4XldU13efxFY9Vo5uQzUiI,Tiktok OPM
7bUvgvAf0tdQIty95lV5wf,Dance With You,71,244321,"['117XFtbZPnCI1EYKjYZWJc', '5xOvrnVpLjzfGi69GDlzQY']","['Skusta Clee', 'Yuridope']",2,4XldU13efxFY9Vo5uQzUiI,Tiktok OPM
1x8pFCRfBnDqckyB6mlZci,Titig,64,259114,"['7dxr6AabRWhsfYRyVJlErK', '3PDFGpPl4ienSn5Vwisfrh', '7ypt5Qvb2h6rIahhfls05p', '5xOvrnVpLjzfGi69GDlzQY']","['MC Einstein', 'Flow G', 'Jekkpot', 'Yuridope']",4,4XldU13efxFY9Vo5uQzUiI,Tiktok OPM
3ZoHHYydoQNWIKdP59knYA,Pajama Party,39,323476,"['1HkpK55jsORzgtOURbOeQH', '1kBeFZ3qUQxTi2H3OuECQQ', '1TiPIraQUT2F6712xJzKa4', '628sA5Y2q5paSlR7UeH8gq', '7ewhl7cUjURt6UhWMWvJBk', '2jquEtQTt24egI9P6t2MLD']","['1096 Gang', 'Guddhist', 'youngwise', 'Polo Pi', 'Ghetto Gecko', 'Luci J']",6,4XldU13efxFY9Vo5uQzUiI,Tiktok OPM
56jsZwNZbS1jSkzkvkTKD8,Sakin Ka Na Lang,29,204251,1d3ddJGqIC75OXxC3dIEb7,DJ Loonyo,1,4XldU13efxFY9Vo5uQzUiI,Tiktok OPM
4v2yxWNY3WCzB0YS9QJZP4,Byahe,73,249184,2U5mF0PZqGu6glnz55yY0y,John Roa,1,4XldU13efxFY9Vo5uQzUiI,Tiktok OPM
6IdEQ3HUseBeRUYFSzSMdL,Zebbiana,62,304664,117XFtbZPnCI1EYKjYZWJc,Skusta Clee,1,4XldU13efxFY9Vo5uQzUiI,Tiktok OPM
3FAJ6O0NOHQV8Mc5Ri6ENp,Heartbreak Anniversary,92,198370,4fxd5Ee7UefO4CUXgwJ7IP,Giveon,1,4XldU13efxFY9Vo5uQzUiI,Tiktok OPM
6jg5SRvdGxvJ0DzNV0UqEK,Please Don't Go,80,196813,2KsP6tYLJlTBvSUxnwlVWa,Mike Posner,1,4XldU13efxFY9Vo5uQzUiI,Tiktok OPM
6nQYJuqhIW2zKWAv1rZPM6,Kiss (Never Let Me Go),68,259120,"['4VkqlQl3hGhxjchI34xp2V', '1O5apWv8xRb6YbHu7E0Tu6']","['Thyro', 'Yumi']",2,4XldU13efxFY9Vo5uQzUiI,Tiktok OPM
3uMR1lX5XkPgkr6lBS1eOr,Aking Prinsesa,41,245967,6hoGQXDWXmzPEC7z74t4kv,Gimme 5,1,4XldU13efxFY9Vo5uQzUiI,Tiktok OPM
5DdSN5U634K0bREQEbz6VI,Dati,53,240600,"['2P3aLwJ41aRYkyFFw2FRM7', '2j0vP8ZxbL4V0hBbHOjvrH', '3i56tClx1CsaoGJC8BKlhz']","['Sam Concepcion', 'Tippy Dos Santos', 'Quest']",3,4XldU13efxFY9Vo5uQzUiI,Tiktok OPM
2oX05W6LxDNAUidLwUhmZT,Baby Ko Si Kulot,51,245280,"['2FGYJ3WqsLqkv65pO5NYYQ', '7zCGEvHHXdsmKV7CwFHzYq', '61KGrI8dADQ37fbRkspJXC']","['Guthrie Nikolao', 'Benidic Fragata II', 'JEN RICK MENDOZA']",3,4XldU13efxFY9Vo5uQzUiI,Tiktok OPM
3FBC8bH3x25AeM2O6oI0pz,Bright Man Unta Ka,29,210697,0P2SwYpgjmmZkMZ63nj82v,Al Moralde,1,4XldU13efxFY9Vo5uQzUiI,Tiktok OPM
1ZVtBCjGpGmTLWyDn9AFc6,My Morena Girl,48,238320,1vvD9XGQVmNtKsyPW7TFcZ,Hey Joe Show,1,4XldU13efxFY9Vo5uQzUiI,Tiktok OPM
0en1kxNAvVQxLpbteRTG7L,Ulap,68,405738,7dFzqx2qyelGPiBKmdSEOT,Rob Deniel,1,2ADS4D9fT9VokFzzhdNKlY,Tiktok opm
2X5AFygz5SDYlXagyPw8kX,Binibini,79,221538,67IN4cLJ7798gUapyZlmac,Zack Tabudlo,1,2ADS4D9fT9VokFzzhdNKlY,Tiktok opm
56gHhHljFU1VBtxF6S0tYZ,Pangako,47,247960,53qa1XIZ6pZuhrGDetCGew,Kyle Echarri,1,2ADS4D9fT9VokFzzhdNKlY,Tiktok opm
7pa4kToAE3b6Gtk7fWrsLl,Dati (feat. Skusta Clee),59,197192,"['2U5mF0PZqGu6glnz55yY0y', '117XFtbZPnCI1EYKjYZWJc']","['John Roa', 'Skusta Clee']",2,2ADS4D9fT9VokFzzhdNKlY,Tiktok opm
5DdSN5U634K0bREQEbz6VI,Dati,53,240600,"['2P3aLwJ41aRYkyFFw2FRM7', '2j0vP8ZxbL4V0hBbHOjvrH', '3i56tClx1CsaoGJC8BKlhz']","['Sam Concepcion', 'Tippy Dos Santos', 'Quest']",3,2ADS4D9fT9VokFzzhdNKlY,Tiktok opm
35unzCfhT0U4gYcCgdf9DX,Sigurado,61,235471,67IN4cLJ7798gUapyZlmac,Zack Tabudlo,1,2ADS4D9fT9VokFzzhdNKlY,Tiktok opm
4v2yxWNY3WCzB0YS9QJZP4,Byahe,73,249184,2U5mF0PZqGu6glnz55yY0y,John Roa,1,2ADS4D9fT9VokFzzhdNKlY,Tiktok opm
1RrB5dq2qeF4c7QTxn5WAH,Sayaw Mga Choy (Math Dance Challenge),36,246370,31i11xjYdkhOySZC9L2JPO,DjDanz Remix,1,5kwVSj8J0p7Lqquz6aUMjJ,Tiktok OPM
5o8cCkXEApqlvWmJTw9EyR,Budots Mix No. 1,33,231744,24e432msaVQMe5Im63Npxp,Mr. Budots,1,5kwVSj8J0p7Lqquz6aUMjJ,Tiktok OPM
0bp9G3Ba9IAoWF3pZr28th,Miss Taga San Ka?,24,234475,25p1uAURmIM9Fvf8sBeZ7z,DJ Red Core,1,5kwVSj8J0p7Lqquz6aUMjJ,Tiktok OPM
6WtBVDL02RRvWlvzF4sjE9,Cutie Uyyy,59,134400,"['1IFBgp2dkXquUYSNEY6hK7', '5hACxwOyI5SiMCONu6KS4L']","['Soulthrll', 'Castro']",2,3vzOs9mL0P7DMTMn633iH2,TIKTOK OPM
1YkzA4XAhpRT7dBv71mbMH,Dyosa,58,272184,"['00xU4wfephkJrjwJPDvfkf', '117XFtbZPnCI1EYKjYZWJc', '5MfvrLwRcs98YwS3C9Uf1u']","['O.C. Dawgs', 'Skusta Clee', 'Bullet D']",3,3vzOs9mL0P7DMTMn633iH2,TIKTOK OPM
3UHPGOkUcE4hE7sqBF4Snt,Film out,86,214620,3Nrfpe0tUJi4K4DXYWgMUX,BTS,1,3vzOs9mL0P7DMTMn633iH2,TIKTOK OPM
3WUEs51GpcvlgU7lehLgLh,Kathang Isip,70,318814,4DAcJXcjX0zlQAZAPAx4Zb,Ben&Ben,1,5w4eMtRkkf9UzN3cvxflpP,Tiktok OPM
3PLARiBoxCpJFUMZhvV63x,Dalaga,54,297932,0WleeEe3UurwlNbDGhb5Yz,ALLMO$T,1,5w4eMtRkkf9UzN3cvxflpP,Tiktok OPM
2mwd0LWLBgtQBEOLG96nbU,Bagay Tayo,58,397033,0WleeEe3UurwlNbDGhb5Yz,ALLMO$T,1,5w4eMtRkkf9UzN3cvxflpP,Tiktok OPM
7HInAqptuH6G86hfYgez9g,Dulo,0,228038,"['0WleeEe3UurwlNbDGhb5Yz', '3HasgIoeo67ahsXOgOguiJ', '021sXp6RH5MQCCp2hmal6q', '4KJaRpxinPqfXjN3s4G4vX']","['ALLMO$T', 'Crakky', 'Jom', 'Clien']",4,5w4eMtRkkf9UzN3cvxflpP,Tiktok OPM
3iZB3VUDerY5P96rhBKwKr,Dalaga,55,192940,0YrWkiT8pKvEu71t5Yllj7,Arvey,1,5w4eMtRkkf9UzN3cvxflpP,Tiktok OPM
3R6Hl2e7hAyCfofRRToKAo,Malayo Ka Man,63,254139,"['3r0NbTTxtCBUyxcIR4prXr', '6EJq8HkmiNvcbGyKGNs43M', '1mu7fvV0tXEx4O3NROKgze', '0lLCFkAncltHh96BcwLU0b']","['Jr Crown', 'Kath', 'Cyclone', 'Young Weezy']",4,5w4eMtRkkf9UzN3cvxflpP,Tiktok OPM
0yRXPoZx4gkGUYDqNwEGOM,Marikit,0,263333,"['6kyw9sh7ryjy1GQdPYH3Yd', '1EMaB1ZnRpeXWruJZMtaUa']","['Juan Caoile', 'Kyleswish']",2,5w4eMtRkkf9UzN3cvxflpP,Tiktok OPM
4YMfE4r1JWADFw2Fn74XW2,Catriona,59,204512,1SrWbIDP84JcSDr0oTBAQw,Matthaios,1,5w4eMtRkkf9UzN3cvxflpP,Tiktok OPM
1x7DysraeqSgVgj95hHc3U,Araw-Araw Love,61,211278,3PDFGpPl4ienSn5Vwisfrh,Flow G,1,5w4eMtRkkf9UzN3cvxflpP,Tiktok OPM
0G5qmu4TsdUH19zdcbI9Ui,Vibe With Me,58,139180,"['1SrWbIDP84JcSDr0oTBAQw', '2qm7ZmuzLVRcaQgeYxXZdT']","['Matthaios', 'Lonezo']",2,5w4eMtRkkf9UzN3cvxflpP,Tiktok OPM
6xhFJYohao1sWHjoGl7VrZ,Chinita,47,234885,"['060TqET6tyyfAQLXDyIDD8', '3lFMRWaEWZlfXdBig97kks', '65pC7ySFWSOsEUPorwrAaK']","['Raf Davis', 'Nik Makino', 'M$tryo']",3,5w4eMtRkkf9UzN3cvxflpP,Tiktok OPM
13pv5UWJttg8NNplCaaOYh,Binibini,57,137717,"['1SrWbIDP84JcSDr0oTBAQw', '3WyQJx169swY8v3htgAqaK']","['Matthaios', 'Calvin De Leon']",2,5w4eMtRkkf9UzN3cvxflpP,Tiktok OPM
3ydNaTFEI8ddeLU2L3Q9lp,Ingatan Mo,53,268993,"['7tiYEpNsb7Jgby6NB6jKfh', '7CcyOtMrpZtVEI0xomZNTc', '2nVxH6zR4DQKmJp7d28yLM']","['Yayoi', 'Serjo', 'JDK']",3,5w4eMtRkkf9UzN3cvxflpP,Tiktok OPM
5jLUKFlEJzOf6b6PCaohFI,I Want You Back,56,265247,"['1SrWbIDP84JcSDr0oTBAQw', '3WyQJx169swY8v3htgAqaK']","['Matthaios', 'Calvin De Leon']",2,5w4eMtRkkf9UzN3cvxflpP,Tiktok OPM
6r7sdXUiKjgEx3I8GQRpSq,Chinita Girl,57,238859,"['7Dhd8nNMvFdye1R3Y8wE6C', '4CXLeb01RHMHdXyUQT84M8']","['Lil Vinceyy', 'Guel']",2,5w4eMtRkkf9UzN3cvxflpP,Tiktok OPM
5tdjElcAN1YEjY3ScjvN0Q,Sabi Ko Na Barbie,20,207307,3iw7qeDiWDu3nmXovY1EVS,Power Beats Club,1,5w4eMtRkkf9UzN3cvxflpP,Tiktok OPM
3aycdSP3P2E7pb4piU4KqO,Pinagpalit,37,189440,3UQp19LiNZeaMJx97j9OlX,Macaulay Sulkin,1,5w4eMtRkkf9UzN3cvxflpP,Tiktok OPM
0mgbKyUiFC1OBgfJTupePk,Selfie Song,31,281000,5aquJZfDS2FWzG39lXbEN8,Davey Langit,1,5w4eMtRkkf9UzN3cvxflpP,Tiktok OPM
5en0gvJmw9GeS9Xv4rnZ7U,Heart React,44,311038,0WleeEe3UurwlNbDGhb5Yz,ALLMO$T,1,5w4eMtRkkf9UzN3cvxflpP,Tiktok OPM
0BaMZMMEG7GWrUYsoGw8Yg,Neneng B,4,358015,"['3lFMRWaEWZlfXdBig97kks', '3j68amnROqGZ0rCSiwuKUF']","['Nik Makino', 'Raf Davis']",2,5w4eMtRkkf9UzN3cvxflpP,Tiktok OPM
5LZqOdfYUXunyhHmPqGI6j,Lexi,4,229067,3lFMRWaEWZlfXdBig97kks,Nik Makino,1,5w4eMtRkkf9UzN3cvxflpP,Tiktok OPM
39fwy7Q1spclVNFeu64lgd,Walang Gana,49,200393,71hhKLR9oCOsHLdRIoQ5OU,King Badger,1,5w4eMtRkkf9UzN3cvxflpP,Tiktok OPM
2tzAN1L07SNwnOdgOEeuQr,Pauwi Nako,62,341573,"['0iqkVK6sTXi7DZWWOeKy8Q', '117XFtbZPnCI1EYKjYZWJc', '0uD1WQbTE0pNDiJe0iGEaU', '5MfvrLwRcs98YwS3C9Uf1u', '5xOvrnVpLjzfGi69GDlzQY', '3PDFGpPl4ienSn5Vwisfrh']","['PDL', 'Skusta Clee', 'Jnske', 'Bullet D', 'Yuridope', 'Flow G']",6,5w4eMtRkkf9UzN3cvxflpP,Tiktok OPM
3Vgs7vderh6Ih8K42s3jnY,Miss Flawless,50,274000,"['3PDFGpPl4ienSn5Vwisfrh', '3xbpJdoJDLAfYn3ZeLlukg', '2ju5WPOa4B6YCMTqP2tzke']","['Flow G', 'Bosx1ne', 'Sachzna']",3,5w4eMtRkkf9UzN3cvxflpP,Tiktok OPM
2aJ6HclWuCI2lx9m7QBqCJ,Nakakamiss,52,307252,"['2FvXtuMlYRrEkSF7kdAfFq', '5ARszAxExBCstgC0cLXK4J', '1H7jRjl9QdKfOWU47YAD3V', '4K7jEoIMJx2MpmgivAbJsS']","['Smugglaz', 'Curse One', 'Dello', 'Flict G']",4,5w4eMtRkkf9UzN3cvxflpP,Tiktok OPM
3rIsR2jKs5Tntk0621jFW8,Tao Lang,50,255386,"['552jNI1kUtB1FPRZFliQxc', '4N7VMCvYd9Reh5bJLnRVzY']","['Loonie', 'Quest']",2,5w4eMtRkkf9UzN3cvxflpP,Tiktok OPM
4T7CM071eEoHudiDShZlCJ,Tala,59,245053,6aiCKnIN68hohzU3ZzNq48,Sarah Geronimo,1,5w4eMtRkkf9UzN3cvxflpP,Tiktok OPM
6p6DiqAPwMX7vdrSo30wgo,'Di Na Muli,55,207018,09Xydf4dlkr29dH99DmsvQ,Janine Te単oso,1,5w4eMtRkkf9UzN3cvxflpP,Tiktok OPM
6YEO7K4hwGKh7BmNxMMvkc,Oks Lang,59,336369,2U5mF0PZqGu6glnz55yY0y,John Roa,1,5w4eMtRkkf9UzN3cvxflpP,Tiktok OPM
54b8IPvheXDpro2VR2rWAS,Ivana,56,246550,2EGJbNf0Hva2C2N6hvhMXD,Soulstice,1,5w4eMtRkkf9UzN3cvxflpP,Tiktok OPM
4nd9cEo5R4jGNcgPHDm7Ar,Marikit,62,263348,"['6kyw9sh7ryjy1GQdPYH3Yd', '1EMaB1ZnRpeXWruJZMtaUa']","['Juan Caoile', 'Kyleswish']",2,5w4eMtRkkf9UzN3cvxflpP,Tiktok OPM
6IdEQ3HUseBeRUYFSzSMdL,Zebbiana,62,304664,117XFtbZPnCI1EYKjYZWJc,Skusta Clee,1,5w4eMtRkkf9UzN3cvxflpP,Tiktok OPM
0BkKdJSpKqzYLEneerSHq3,Mau,52,267013,6ogIjp0fsbUxlqy9q2rvrT,Shanti Dope,1,5w4eMtRkkf9UzN3cvxflpP,Tiktok OPM
6s98WLEW9A7j9vMXCXeRx7,Biglang Liko,24,253000,"['6eGQ0qPUlGBjmRgyQ84g3f', '7CUr4IIEAbSm9HTIDm8R1K']","['Ron Henley', 'Pow Chavez']",2,5w4eMtRkkf9UzN3cvxflpP,Tiktok OPM
6LJ1p1h5EcMK4VPeCLDSoF,Nadarang,59,232960,6ogIjp0fsbUxlqy9q2rvrT,Shanti Dope,1,5w4eMtRkkf9UzN3cvxflpP,Tiktok OPM
6BZLjTOKBPqhq4xpOLkjrp,Nandyan Agad Ako,56,240178,"['2iB7AJhJmkWkkehY9ccB0j', '06CagClkrklsRICDlnlSRw']","['Ex Battalion', 'Flow G']",2,5w4eMtRkkf9UzN3cvxflpP,Tiktok OPM
6X7eJp4lv4ZeTkWor2wHLz,Shantidope,52,211146,"['6ogIjp0fsbUxlqy9q2rvrT', '7HJDRQAfEcFiARVehhM6qD']","['Shanti Dope', 'Gloc 9']",2,5w4eMtRkkf9UzN3cvxflpP,Tiktok OPM
5f9808hpiCpuNyqqdXmpF2,Buwan,62,343446,0a4r2EnsevvHCukoJ1xFwJ,juan karlos,1,5w4eMtRkkf9UzN3cvxflpP,Tiktok OPM
5sLGYJOhLP197nmkaRMMEH,Ngayong Gabi,57,267456,2G7VQ1kVhVfNagytlousgm,Al James,1,5w4eMtRkkf9UzN3cvxflpP,Tiktok OPM
2aoiMd5FGyG5NfVDdiwjuM,Akala Ko Nung Una (feat. Future Thug),54,301388,"['00xU4wfephkJrjwJPDvfkf', '76NxcmJ0WRPzIP6CSn4Ccu']","['O.C. Dawgs', 'Future Thug']",2,5w4eMtRkkf9UzN3cvxflpP,Tiktok OPM
1hIqfuatTJEsjWfPOQ3dYp,Pag Tumingin Ka Akin Ka,42,227977,"['11VAw1gSlLWsc2RS9UcyHk', '7tiYEpNsb7Jgby6NB6jKfh', '0pUx4FLdw1NRqux4Yxj0ri']","['Princess Thea', 'Yayoi', 'Still One']",3,5w4eMtRkkf9UzN3cvxflpP,Tiktok OPM
22J11hk99ZEcWGcEc9wszk,Need You,0,354071,"['2iB7AJhJmkWkkehY9ccB0j', '3xbpJdoJDLAfYn3ZeLlukg', '2U5mF0PZqGu6glnz55yY0y', '3uWiJPiieoALNDN6Ak3jtd', '3PDFGpPl4ienSn5Vwisfrh', '5HFNP1mrnemxa4WQHesFyt', '4e52OjekZlQYZn9GqKJASY', '117XFtbZPnCI1EYKjYZWJc']","['Ex Battalion', 'Bosx1ne', 'John Roa', 'Emcee Rhenn', 'Flow G', 'Bullet-D', 'Kent Mnl', 'Skusta Clee']",8,5w4eMtRkkf9UzN3cvxflpP,Tiktok OPM
0Iu5xWN9wtWHp5daIj0Mjb,'Di Lahat,45,234893,1dpv0XBdgUa5z4vzn7ahIz,Donnalyn,1,5w4eMtRkkf9UzN3cvxflpP,Tiktok OPM
00QxPiv5tWA0DivDF4bFzR,Baliw Sayo (feat. Bosx1ne),52,287089,"['2U5mF0PZqGu6glnz55yY0y', '3xbpJdoJDLAfYn3ZeLlukg']","['John Roa', 'Bosx1ne']",2,5w4eMtRkkf9UzN3cvxflpP,Tiktok OPM
19AlSgwI1midC2PU1TDkeF,Pekeng Kaibigan,47,249085,1vcXQE9gZOF9PCAtdtT51L,Geo Ong,1,5w4eMtRkkf9UzN3cvxflpP,Tiktok OPM
0LlJbV4lyzJYE14YCwTURf,Tampo,39,321274,0WleeEe3UurwlNbDGhb5Yz,ALLMO$T,1,5w4eMtRkkf9UzN3cvxflpP,Tiktok OPM
3sWLOFGI7dNN6YBM1m1RKB,Miracle Nights,60,374117,"['0WleeEe3UurwlNbDGhb5Yz', '58DoiT68nhZoGfdiIZiiUw', '4mHU0bUvlVfiq0oarPYlAn']","['ALLMO$T', 'L.A. GOON$', 'Peso Mercado']",3,5w4eMtRkkf9UzN3cvxflpP,Tiktok OPM
7iNMzfw2couNdTNXMYG2IR,Filipina Girl,51,218133,"['43CiK1548VVp2DT95joswS', '63mE8E2Q1P6J5ibuqE2Kau', '24fEOzlKhgSNLIcy9NdmwH']","['Billy Crawford', 'Marcus Davis', 'James Reid']",3,5w4eMtRkkf9UzN3cvxflpP,Tiktok OPM
2kRjoaqiyeS0Faus5wKztH,Ikaw Lang,62,241658,6gcteR920pLEynlHzjSRYd,Kiyo,1,5w4eMtRkkf9UzN3cvxflpP,Tiktok OPM
0yKorzbOVX0tTAqLklWW9o,Sama-Sama,48,308332,2iB7AJhJmkWkkehY9ccB0j,Ex Battalion,1,5w4eMtRkkf9UzN3cvxflpP,Tiktok OPM
0khTAbrJ2PkIs3z4Ne1w3O,Chito,37,263993,"['1SrWbIDP84JcSDr0oTBAQw', '3WyQJx169swY8v3htgAqaK', '5KrSUjqj2SRoveNRwgm2rZ']","['Matthaios', 'Calvin De Leon', 'Steven Peregrina']",3,5w4eMtRkkf9UzN3cvxflpP,Tiktok OPM
6WtBVDL02RRvWlvzF4sjE9,Cutie Uyyy,59,134400,"['1IFBgp2dkXquUYSNEY6hK7', '5hACxwOyI5SiMCONu6KS4L']","['Soulthrll', 'Castro']",2,5w4eMtRkkf9UzN3cvxflpP,Tiktok OPM
1iV24xOkfxyD2Jb0NCC1Fj,"Come with Me (feat. Bosx1ne, Flow-G, King Badger & Jroa)",52,340606,"['2iB7AJhJmkWkkehY9ccB0j', '3xbpJdoJDLAfYn3ZeLlukg', '3PDFGpPl4ienSn5Vwisfrh', '71hhKLR9oCOsHLdRIoQ5OU', '2U5mF0PZqGu6glnz55yY0y']","['Ex Battalion', 'Bosx1ne', 'Flow G', 'King Badger', 'John Roa']",5,5w4eMtRkkf9UzN3cvxflpP,Tiktok OPM
493h85YXHYDKA9jXhUxajA,No Games (feat. King Badger & Skusta Clee),51,329432,"['2iB7AJhJmkWkkehY9ccB0j', '71hhKLR9oCOsHLdRIoQ5OU', '117XFtbZPnCI1EYKjYZWJc']","['Ex Battalion', 'King Badger', 'Skusta Clee']",3,5w4eMtRkkf9UzN3cvxflpP,Tiktok OPM
7pa4kToAE3b6Gtk7fWrsLl,Dati (feat. Skusta Clee),59,197192,"['2U5mF0PZqGu6glnz55yY0y', '117XFtbZPnCI1EYKjYZWJc']","['John Roa', 'Skusta Clee']",2,5w4eMtRkkf9UzN3cvxflpP,Tiktok OPM
3vObcAVPmiKWrhBmT4Uii0,Follow My Lead,46,277207,"['2iB7AJhJmkWkkehY9ccB0j', '4Uvf65YfuW9mbTvZRE87EL', '2AJOnJc6BSB4XjfbF0PtvN']","['Ex Battalion', 'Sachzna Laparan', 'Chicser']",3,5w4eMtRkkf9UzN3cvxflpP,Tiktok OPM
4JuxOXEG09Q90L6L7LnjI1,Kakaiba (feat. Jroa & Skusta Clee),50,302803,"['2iB7AJhJmkWkkehY9ccB0j', '2U5mF0PZqGu6glnz55yY0y', '117XFtbZPnCI1EYKjYZWJc']","['Ex Battalion', 'John Roa', 'Skusta Clee']",3,5w4eMtRkkf9UzN3cvxflpP,Tiktok OPM
2s0J4vET9yA9oBDAWQWZzy,Tell Me,46,299730,2iB7AJhJmkWkkehY9ccB0j,Ex Battalion,1,5w4eMtRkkf9UzN3cvxflpP,Tiktok OPM
7pzMsgcRpO7Z1tRex3yWvO,The Zebbiaanaa,49,200156,"['3PDFGpPl4ienSn5Vwisfrh', '117XFtbZPnCI1EYKjYZWJc', '00xU4wfephkJrjwJPDvfkf']","['Flow G', 'Skusta Clee', 'O.C. Dawgs']",3,5w4eMtRkkf9UzN3cvxflpP,Tiktok OPM
0jfW1sHHxfinhSluUi200e,Kinikilig,41,225601,1IJ4wDIUWLb0XLmPN79SDj,Hazel Faith,1,5w4eMtRkkf9UzN3cvxflpP,Tiktok OPM
30iCOQtdPbUTUGl9dpVZ2J,Ganda Mo,41,285594,4XgWAOxOyEes5P475qx9u5,Cue C,1,5w4eMtRkkf9UzN3cvxflpP,Tiktok OPM
3xcoNt6pVrN0YyIG7B3IrJ,Kahit Bata Pa Ako,38,239653,30WmJkQ2BeBNgb27jhf11u,Aikee,1,5w4eMtRkkf9UzN3cvxflpP,Tiktok OPM
3LVCKSWtF8xJ56n2JFsoY3,Pasipsip Naman (feat. Eman & Third Flo'),38,323489,"['74yfTxb5doXjUcv0g1DaMi', '1O8owUeyq8eLvIFeRG9pBp', '4oq3ZPun2GUPkUBo8BzuTW']","['Abaddon', 'Eman', ""Third Flo'""]",3,5w4eMtRkkf9UzN3cvxflpP,Tiktok OPM
5z4c50NuWmZaF1uyrUqAN6,The Love,42,250615,"['3PDFGpPl4ienSn5Vwisfrh', '117XFtbZPnCI1EYKjYZWJc', '71hhKLR9oCOsHLdRIoQ5OU']","['Flow G', 'Skusta Clee', 'King Badger']",3,5w4eMtRkkf9UzN3cvxflpP,Tiktok OPM
0ni3zpHyLnwNn4PGBLcvmf,Baliw Sayo (feat. Bosx1ne),31,287089,"['2U5mF0PZqGu6glnz55yY0y', '3xbpJdoJDLAfYn3ZeLlukg']","['John Roa', 'Bosx1ne']",2,5w4eMtRkkf9UzN3cvxflpP,Tiktok OPM
6n5ejwYGkCRimsj1anvShG,Larawan (feat. Flow G),55,338558,"['2U5mF0PZqGu6glnz55yY0y', '3PDFGpPl4ienSn5Vwisfrh']","['John Roa', 'Flow G']",2,5w4eMtRkkf9UzN3cvxflpP,Tiktok OPM
4v2yxWNY3WCzB0YS9QJZP4,Byahe,73,249184,2U5mF0PZqGu6glnz55yY0y,John Roa,1,5w4eMtRkkf9UzN3cvxflpP,Tiktok OPM
1jRUUq9FroLzFGA583WE9u,Dahil Sayo,44,244138,"['021sXp6RH5MQCCp2hmal6q', '117XFtbZPnCI1EYKjYZWJc']","['Jom', 'Skusta Clee']",2,5w4eMtRkkf9UzN3cvxflpP,Tiktok OPM
0jOsUoldr0TqjONy45TWis,You & I,40,300444,"['2qCwqpQzlQTlFIIggAQS9l', '27NEmk8GHnVboThu8O7mwU', '117XFtbZPnCI1EYKjYZWJc', '3xbpJdoJDLAfYn3ZeLlukg']","['Ijiboy', 'Chriilz', 'Skusta Clee', 'Bosx1ne']",4,5w4eMtRkkf9UzN3cvxflpP,Tiktok OPM
4SFF8G6ChXamQ2lxcabDEd,Unreleased,46,312891,"['4sMPx4jHZiz0t9UgPsCnoF', '3xbpJdoJDLAfYn3ZeLlukg', '117XFtbZPnCI1EYKjYZWJc', '3PDFGpPl4ienSn5Vwisfrh']","['Kakaiboys', 'Bosx1ne', 'Skusta Clee', 'Flow G']",4,5w4eMtRkkf9UzN3cvxflpP,Tiktok OPM
72fNF3cEskOhW1sgg0igZ6,HBD (Birthday Mo),36,378666,"['1dpv0XBdgUa5z4vzn7ahIz', '2FvXtuMlYRrEkSF7kdAfFq', '5sMrFt1qsLWEzAS6q5z7zx', '117XFtbZPnCI1EYKjYZWJc', '24GNt8qmlsj3hwYgRgiTQ9']","['Donnalyn', 'Smugglaz', 'Zaito', 'Skusta Clee', 'Bassilyo']",5,5w4eMtRkkf9UzN3cvxflpP,Tiktok OPM
2ChNhxPNElIYwco8tzxD4u,Parokyana Beatbox,4,182088,3tZ0L4lq5uQ0hGtxLu7ZrU,krisostomo,1,5w4eMtRkkf9UzN3cvxflpP,Tiktok OPM
0Go1Yiv0iIjmckmoI6gqnG,"Simpleng Tao - From ""James and Pat and Dave",37,257009,3BdpcQRF27n7ZNSL386mNU,Zephanie,1,5w4eMtRkkf9UzN3cvxflpP,Tiktok OPM
1HZETd9DQYd2mIoXAK97x2,Goldigs (Masaya Na Ko),39,233781,2eFq1Ymf6ppzrdKxt0OpY4,Henyong Makata,1,5w4eMtRkkf9UzN3cvxflpP,Tiktok OPM
671suf2fwop4hOskg6wAoY,Ikaw Kase,50,390112,2iB7AJhJmkWkkehY9ccB0j,Ex Battalion,1,5w4eMtRkkf9UzN3cvxflpP,Tiktok OPM
5hnkbJ7dztkbgBmS1BbWhO,Dalaga - Stripped,0,303557,0WleeEe3UurwlNbDGhb5Yz,ALLMO$T,1,5w4eMtRkkf9UzN3cvxflpP,Tiktok OPM
5Ptw2wrwzIJauYhxQUaQK9,Trip Lang,44,182773,"['5GdspZ491zr64zzwVJJjJZ', '2wAySc3vvZHYYCbrmlpSAk']","['Shehyee', 'Sam Pinto']",2,5w4eMtRkkf9UzN3cvxflpP,Tiktok OPM
2RgD3eO4IIGF16rR8Ch8OV,Hindi Na Nga,59,282442,5HIZU0JzM0AgfItVOm4E08,This Band,1,5w4eMtRkkf9UzN3cvxflpP,Tiktok OPM
2wZTwfWU6sd91TY8zXxzgH,Baka Di Tayo,52,288493,"['7tiYEpNsb7Jgby6NB6jKfh', '2vAW1NSpKkOBUVJUX9riJq', '0vnlHLhuS6vjChVQXgvPHw']","['Yayoi', 'Yosso', 'Lopau']",3,5w4eMtRkkf9UzN3cvxflpP,Tiktok OPM
0ztDBQdQmdVZvorSmIjMih,Tagpuan,62,260240,0rZRTXEmmPmx6gt92tBqIc,Moira Dela Torre,1,5w4eMtRkkf9UzN3cvxflpP,Tiktok OPM
00mBzIWv5gHOYxwuEJXjOG,Sa Ngalan Ng Pag-Ibig,65,285138,4qFxP3qN9GsnZDOkAE6x2m,December Avenue,1,5w4eMtRkkf9UzN3cvxflpP,Tiktok OPM
5f9808hpiCpuNyqqdXmpF2,Buwan,62,343446,0a4r2EnsevvHCukoJ1xFwJ,juan karlos,1,5w4eMtRkkf9UzN3cvxflpP,Tiktok OPM
2BgD4nRyx9EZ5o8YEnjRSV,Kung 'Di Rin Lang Ikaw,66,267759,"['4qFxP3qN9GsnZDOkAE6x2m', '0rZRTXEmmPmx6gt92tBqIc']","['December Avenue', 'Moira Dela Torre']",2,5w4eMtRkkf9UzN3cvxflpP,Tiktok OPM
58grXgbCj7t5ulr0TGLIr9,Kahit Ayaw Mo Na,63,243015,5HIZU0JzM0AgfItVOm4E08,This Band,1,5w4eMtRkkf9UzN3cvxflpP,Tiktok OPM
1X4l4i472kW5ofFP8Xo0x0,Sana,66,277098,7tKpXx21KVUOR6vvDs6xtg,I Belong to the Zoo,1,5w4eMtRkkf9UzN3cvxflpP,Tiktok OPM
6LJ1p1h5EcMK4VPeCLDSoF,Nadarang,59,232960,6ogIjp0fsbUxlqy9q2rvrT,Shanti Dope,1,5w4eMtRkkf9UzN3cvxflpP,Tiktok OPM
7MrDfa1uQGVXx0JMZ2u5tN,Hayaan Mo Sila,57,367229,"['2iB7AJhJmkWkkehY9ccB0j', '00xU4wfephkJrjwJPDvfkf']","['Ex Battalion', 'O.C. Dawgs']",2,5w4eMtRkkf9UzN3cvxflpP,Tiktok OPM
5jLEQLkEU8Sb2fG5UQcwDM,Ako Muna,56,222063,0DnjaQqb436AH1idffI6CQ,Yeng Constantino,1,5w4eMtRkkf9UzN3cvxflpP,Tiktok OPM
0gDRtumoR9ZrvAlnniToMz,Ikaw At Ako,64,269876,"['0rZRTXEmmPmx6gt92tBqIc', '4eK6vQqh6wpgldKVWm7560']","['Moira Dela Torre', 'Jason Marvin']",2,5w4eMtRkkf9UzN3cvxflpP,Tiktok OPM
6xQs6y6CpDqK9VKCktApEL,Hiling,59,235009,2JEIN1g27pZdm3hKB9EwE5,Mark Carpio,1,5w4eMtRkkf9UzN3cvxflpP,Tiktok OPM
4Yp1a9HZjtnNCd577RLYp2,Kay Tagal,52,219966,2JEIN1g27pZdm3hKB9EwE5,Mark Carpio,1,5w4eMtRkkf9UzN3cvxflpP,Tiktok OPM
22l6ZMCgWB1wfd1GOBe3wm,Ikaw,59,284920,0DnjaQqb436AH1idffI6CQ,Yeng Constantino,1,5w4eMtRkkf9UzN3cvxflpP,Tiktok OPM
2OqQDFY4MgzkAoAZ67CscA,Sundo,56,243653,6MXu7TWZnmykwkXiRJeUMh,Imago,1,5w4eMtRkkf9UzN3cvxflpP,Tiktok OPM
3nQtkvFMNkRwxjKVAlGPcG,Torete,58,264202,2kZThDGZcHl4klYYFk0v8n,Moonstar88,1,5w4eMtRkkf9UzN3cvxflpP,Tiktok OPM
01YEqVPCm0vqRLA9w43bic,Hanggang Kailan,55,230453,1t2caVgyabZrVDAlmMGraV,Michael Pangilinan,1,5w4eMtRkkf9UzN3cvxflpP,Tiktok OPM
0Vmk6Ebk4QBq7r0VAz2a6s,Bakit Ba Ikaw,61,245586,1t2caVgyabZrVDAlmMGraV,Michael Pangilinan,1,5w4eMtRkkf9UzN3cvxflpP,Tiktok OPM
4eNvchiaWf4Glh0AT2exds,Akin Ka Na Lang - Himig Handog Pop Lovesongs 2014 Version,58,258876,62WbvkXqQGvXQvw74GU3kQ,Morissette,1,5w4eMtRkkf9UzN3cvxflpP,Tiktok OPM
6NFKf8vBApSvtzkapYmnVR,Tadhana,65,222446,3wbCeEPAW6po7J46netxMT,Up Dharma Down,1,5w4eMtRkkf9UzN3cvxflpP,Tiktok OPM
7sW3f7PqDV7BQ7qqeVBJIA,Migraine,56,267560,2kZThDGZcHl4klYYFk0v8n,Moonstar88,1,5w4eMtRkkf9UzN3cvxflpP,Tiktok OPM
468iB1VWvEy9ln8M9zdde6,Tayo Na Lang Dalawa,53,185066,7lIVjtsgz0y1oRQFBAVNzq,Mayonnaise,1,5w4eMtRkkf9UzN3cvxflpP,Tiktok OPM
2RzdvVrhZdoa3PyrU0NTLp,Nadarang - Campfire Mix,48,234813,7aD2Ni3fUu66gklUFlvJi5,Kyle Juliano,1,5w4eMtRkkf9UzN3cvxflpP,Tiktok OPM
5P9lp3aMQws2X4MH5d3xyT,Anestisya,9,236670,6MCW0S6GvMj7QaaH9sckgi,JBK,1,5w4eMtRkkf9UzN3cvxflpP,Tiktok OPM
5akCBj5rIZRL4UHuFOIqeH,Letting You Go,18,245741,6MCW0S6GvMj7QaaH9sckgi,JBK,1,5w4eMtRkkf9UzN3cvxflpP,Tiktok OPM
5nMKJJ5Rl6X1yn58aVeICO,Bulong,61,270233,4qFxP3qN9GsnZDOkAE6x2m,December Avenue,1,5w4eMtRkkf9UzN3cvxflpP,Tiktok OPM
0YyM8aEdbjGfLWPn6fdcn7,Pasensya Ka Na,62,241029,4nGp682WMiKS4X217kPw8C,Silent Sanctuary,1,5w4eMtRkkf9UzN3cvxflpP,Tiktok OPM
7hoP5NDUXEbmOawvEAsi8h,'Di Na Babalik,56,340262,5HIZU0JzM0AgfItVOm4E08,This Band,1,5w4eMtRkkf9UzN3cvxflpP,Tiktok OPM
3vGkyQlCw8LklNip0ZUELC,Nobela,62,291506,70ljCILl0aVXitf3K39YvT,Join The Club,1,5w4eMtRkkf9UzN3cvxflpP,Tiktok OPM
29xs643Q96uQLD8f7SxYYw,Sa'yo,61,253360,4nGp682WMiKS4X217kPw8C,Silent Sanctuary,1,5w4eMtRkkf9UzN3cvxflpP,Tiktok OPM
4JSDhJVmo2UqdF7nxbyenn,Kung Wala Ka,64,242800,6Ww3OMFzCaO33ulKh1LBFN,Hale,1,5w4eMtRkkf9UzN3cvxflpP,Tiktok OPM
6VqZS3Wmf53pbfDBVEYvnP,Hindi Tayo Pwede,65,303937,1YlibpAvhJBbMZMBwN1KGv,The Juans,1,5w4eMtRkkf9UzN3cvxflpP,Tiktok OPM
04Fqdekvehn72zJ4lJbEH7,Bitaw Na,42,283616,5HIZU0JzM0AgfItVOm4E08,This Band,1,5w4eMtRkkf9UzN3cvxflpP,Tiktok OPM
6M21eWbEw74XDdoQsNIinq,Malaya (Camp Sawi Original Motion Picture Soundtrack),57,254249,0rZRTXEmmPmx6gt92tBqIc,Moira Dela Torre,1,5w4eMtRkkf9UzN3cvxflpP,Tiktok OPM
5l9g7py8RCblcvbZgGQgSd,Pagtingin,65,227370,4DAcJXcjX0zlQAZAPAx4Zb,Ben&Ben,1,5w4eMtRkkf9UzN3cvxflpP,Tiktok OPM
6C3SKl8oJbfjfJBANhuQuu,Akala,51,341167,0lslA51eKXwTUY0TSX9Emy,Marion Aunor,1,5w4eMtRkkf9UzN3cvxflpP,Tiktok OPM
34ob61cxp34Sf7KHK6RnSU,Sa Susunod Na Lang,64,214606,"['0iqkVK6sTXi7DZWWOeKy8Q', '117XFtbZPnCI1EYKjYZWJc', '5YwlYklJ2Cq5PfTookf1o1']","['PDL', 'Skusta Clee', 'Yuri']",3,5w4eMtRkkf9UzN3cvxflpP,Tiktok OPM
0087fDVeNhuyMtST91RMjv,Kundiman,62,339053,4nGp682WMiKS4X217kPw8C,Silent Sanctuary,1,5w4eMtRkkf9UzN3cvxflpP,Tiktok OPM
7KmzW7UbwR6A55r41gm6Ql,Ako Na Lang Sana,48,259218,2JEIN1g27pZdm3hKB9EwE5,Mark Carpio,1,5w4eMtRkkf9UzN3cvxflpP,Tiktok OPM
4Qs3DkTFVG1QiOwd0BUa9o,Wag Na Lang,64,232380,"['7dxr6AabRWhsfYRyVJlErK', '117XFtbZPnCI1EYKjYZWJc']","['MC Einstein', 'Skusta Clee']",2,48BZWZrbkKgu9LxWY1DpHn,TIKTOK OPM
3a22L5P9cix1HFNzjb3SpB,Sulyap,62,255530,"['3r0NbTTxtCBUyxcIR4prXr', '0TlpoVBa03V0XNXBq7Gjrh', '1BRWy7wxFVAwIgkKSKv3mg']","['Jr Crown', 'Thome', 'Chris Line']",3,48BZWZrbkKgu9LxWY1DpHn,TIKTOK OPM
4nd9cEo5R4jGNcgPHDm7Ar,Marikit,62,263348,"['6kyw9sh7ryjy1GQdPYH3Yd', '1EMaB1ZnRpeXWruJZMtaUa']","['Juan Caoile', 'Kyleswish']",2,48BZWZrbkKgu9LxWY1DpHn,TIKTOK OPM
3R6Hl2e7hAyCfofRRToKAo,Malayo Ka Man,63,254139,"['3r0NbTTxtCBUyxcIR4prXr', '6EJq8HkmiNvcbGyKGNs43M', '1mu7fvV0tXEx4O3NROKgze', '0lLCFkAncltHh96BcwLU0b']","['Jr Crown', 'Kath', 'Cyclone', 'Young Weezy']",4,48BZWZrbkKgu9LxWY1DpHn,TIKTOK OPM
0knRQzgvbUed6K74mX81hG,Kabilang Buhay,64,325024,4slXciON4jYY6mqE9LjSFx,Bandang Lapis,1,48BZWZrbkKgu9LxWY1DpHn,TIKTOK OPM
6r7sdXUiKjgEx3I8GQRpSq,Chinita Girl,57,238859,"['7Dhd8nNMvFdye1R3Y8wE6C', '4CXLeb01RHMHdXyUQT84M8']","['Lil Vinceyy', 'Guel']",2,48BZWZrbkKgu9LxWY1DpHn,TIKTOK OPM
1QVWRQ0BO4G1B4DgFjrACF,Mamang Sorbetero,40,190666,20gOeXI8NLUKdSr9Z4YeD6,Celeste Legaspi,1,1y1UDRYq1xpL5hf8ZTtQQ2,Tiktok OPM
5kqM2lbiX2slirLnrDSdCt,"Awitin Mo, Isasayaw Ko",30,277706,1JygQfeB7OmzophGsgNwSb,VST & Company,1,1y1UDRYq1xpL5hf8ZTtQQ2,Tiktok OPM
7oOIs6pzk5fMql78Lgs4Pi,Bonggahan,42,223826,1KoRj2ZFjBc0xgcgMNBMIX,Sampaguita,1,1y1UDRYq1xpL5hf8ZTtQQ2,Tiktok OPM
1s4r5fwkBFuFDeUdR1umx7,Bongga Ka Day,39,217133,4sEykiNSzZbkFkNXTb1bVd,Hotdog,1,1y1UDRYq1xpL5hf8ZTtQQ2,Tiktok OPM
4rbTLk6Za209EkwVT2EZnN,Sasakyan Kita,0,238880,5NqQvTp9nZcQgLQQEMpoJF,K And The Boxers,1,1y1UDRYq1xpL5hf8ZTtQQ2,Tiktok OPM
4nd9cEo5R4jGNcgPHDm7Ar,Marikit,62,263348,"['6kyw9sh7ryjy1GQdPYH3Yd', '1EMaB1ZnRpeXWruJZMtaUa']","['Juan Caoile', 'Kyleswish']",2,1y1UDRYq1xpL5hf8ZTtQQ2,Tiktok OPM
1qbZmjpHNGxXIPaQwknb2W,Kawawang Cowboy,44,185000,3cwuv0AjI1Fjg207lf6zan,FRED PANOPIO,1,1y1UDRYq1xpL5hf8ZTtQQ2,Tiktok OPM
45e0GCdfTuj0xTpmIAhdnm,Pitong Gatang,44,182666,3cwuv0AjI1Fjg207lf6zan,FRED PANOPIO,1,1y1UDRYq1xpL5hf8ZTtQQ2,Tiktok OPM
7Lq3Lv6khoDcAyjGnwsg9F,Kahit Maputi Na Ang Buhok Ko,54,205320,5xWPJKDLLSDaz7K7tSMTFu,REY VALERA,1,1y1UDRYq1xpL5hf8ZTtQQ2,Tiktok OPM
5ZKXBmeYQSmY3ILjYsKmtP,Iniibig Kita,43,237333,0IyeWjNLB0Lxw0MgCEZtHw,Roel Cortez,1,1y1UDRYq1xpL5hf8ZTtQQ2,Tiktok OPM
1J8zl48DmwesarxM6jPcTG,Halik,49,217913,65kpH75MFCBJhLy7qvVl6A,Aegis,1,1y1UDRYq1xpL5hf8ZTtQQ2,Tiktok OPM
2QM5OqmH1YBdv5LjiOokUU,Sa Mata Makikita,43,239666,0IyeWjNLB0Lxw0MgCEZtHw,Roel Cortez,1,1y1UDRYq1xpL5hf8ZTtQQ2,Tiktok OPM
38ZZhzGbNFHaoCXwcr1til,Masdan Mo Ang Kapaligiran,48,245173,5pbdyhkEpMobD6Fs6h729Q,Asin,1,1y1UDRYq1xpL5hf8ZTtQQ2,Tiktok OPM
4gUjuLMQsfXaiGa205PeF4,Tutulungan Kita,39,186160,0IyeWjNLB0Lxw0MgCEZtHw,Roel Cortez,1,1y1UDRYq1xpL5hf8ZTtQQ2,Tiktok OPM
3G93FPNLq6WAuUYMzzHhnd,Luha,48,214047,65kpH75MFCBJhLy7qvVl6A,Aegis,1,1y1UDRYq1xpL5hf8ZTtQQ2,Tiktok OPM
6u6QRD49NH71kiwNQM1ez7,Sumayaw Sumunod,50,197407,1WHYTMWSXn7ix7PAO82FEX,The Boyfriends,1,1y1UDRYq1xpL5hf8ZTtQQ2,Tiktok OPM
4LmFbVr0exXOwaaokq8uqQ,Magsayawan,45,187000,1JygQfeB7OmzophGsgNwSb,VST & Company,1,1y1UDRYq1xpL5hf8ZTtQQ2,Tiktok OPM
4CnDvEKOs2AaIRpkY4qk3A,T.L. Ako Sa'yo,46,186000,65QcnpMJFv1yogXwoOe97v,Cinderella,1,1y1UDRYq1xpL5hf8ZTtQQ2,Tiktok OPM
6FE5H2W6buf34HJTNjku8Y,Paniwalaan,45,214506,1PI4WlIlSXjbueFblPqWnT,Blue Jeans,1,1y1UDRYq1xpL5hf8ZTtQQ2,Tiktok OPM
6Lu8szXQi6SmCLzGHHndYQ,Basang-Basa Sa Ulan,47,255817,65kpH75MFCBJhLy7qvVl6A,Aegis,1,1y1UDRYq1xpL5hf8ZTtQQ2,Tiktok OPM
1EUwAVD9G2rrBYiOKRVcIe,Sinta,43,232333,65kpH75MFCBJhLy7qvVl6A,Aegis,1,1y1UDRYq1xpL5hf8ZTtQQ2,Tiktok OPM
